Graph_Index,Timestamp,Stage
0,2019-07-15 13:45:37,BENIGN
1,2019-07-15 13:46:07,BENIGN
2,2019-07-15 13:46:37,UNLABELED
3,2019-07-15 13:47:07,BENIGN
4,2019-07-15 13:47:37,BENIGN
5,2019-07-15 13:48:07,UNLABELED
6,2019-07-15 13:48:37,BENIGN
7,2019-07-15 13:49:07,UNLABELED
8,2019-07-15 13:49:37,BENIGN
9,2019-07-15 13:50:07,UNLABELED
10,2019-07-15 13:50:37,UNLABELED
11,2019-07-15 13:51:07,BENIGN
12,2019-07-15 13:51:37,BENIGN
13,2019-07-15 13:52:07,BENIGN
14,2019-07-15 13:52:37,BENIGN
15,2019-07-15 13:53:07,UNLABELED
16,2019-07-15 13:53:37,BENIGN
17,2019-07-15 13:54:07,BENIGN
18,2019-07-15 13:54:37,BENIGN
19,2019-07-15 13:55:07,BENIGN
20,2019-07-15 13:55:37,BENIGN
21,2019-07-15 13:56:07,BENIGN
22,2019-07-15 13:56:37,BENIGN
23,2019-07-15 13:57:07,BENIGN
24,2019-07-15 13:57:37,BENIGN
25,2019-07-15 13:58:07,UNLABELED
26,2019-07-15 13:58:37,BENIGN
27,2019-07-15 13:59:07,BENIGN
28,2019-07-15 13:59:37,BENIGN
29,2019-07-15 14:00:07,BENIGN
30,2019-07-15 14:00:37,BENIGN
31,2019-07-15 14:01:07,BENIGN
32,2019-07-15 14:01:37,BENIGN
33,2019-07-15 14:02:07,BENIGN
34,2019-07-15 14:02:37,BENIGN
35,2019-07-15 14:03:07,BENIGN
36,2019-07-15 14:03:37,BENIGN
37,2019-07-15 14:04:07,BENIGN
38,2019-07-15 14:04:37,BENIGN
39,2019-07-15 14:05:07,BENIGN
40,2019-07-15 14:05:37,BENIGN
41,2019-07-15 14:06:07,BENIGN
42,2019-07-15 14:06:37,BENIGN
43,2019-07-15 14:07:07,BENIGN
44,2019-07-15 14:07:37,BENIGN
45,2019-07-15 14:08:07,BENIGN
46,2019-07-15 14:08:37,BENIGN
47,2019-07-15 14:09:07,BENIGN
48,2019-07-15 14:09:37,BENIGN
49,2019-07-15 14:10:07,BENIGN
50,2019-07-15 14:10:37,BENIGN
51,2019-07-15 14:11:07,BENIGN
52,2019-07-15 14:11:37,BENIGN
53,2019-07-15 14:12:07,BENIGN
54,2019-07-15 14:12:37,BENIGN
55,2019-07-15 14:13:07,BENIGN
56,2019-07-15 14:13:37,BENIGN
57,2019-07-15 14:14:07,BENIGN
58,2019-07-15 14:14:37,BENIGN
59,2019-07-15 14:15:07,BENIGN
60,2019-07-15 14:15:37,BENIGN
61,2019-07-15 14:16:07,BENIGN
62,2019-07-15 14:16:37,BENIGN
63,2019-07-15 14:17:07,BENIGN
64,2019-07-15 14:17:37,BENIGN
65,2019-07-15 14:18:07,BENIGN
66,2019-07-15 14:18:37,BENIGN
67,2019-07-15 14:19:07,BENIGN
68,2019-07-15 14:19:37,BENIGN
69,2019-07-15 14:20:07,BENIGN
70,2019-07-15 14:20:37,BENIGN
71,2019-07-15 14:21:07,BENIGN
72,2019-07-15 14:21:37,BENIGN
73,2019-07-15 14:22:07,BENIGN
74,2019-07-15 14:22:37,BENIGN
75,2019-07-15 14:23:07,BENIGN
76,2019-07-15 14:23:37,BENIGN
77,2019-07-15 14:24:07,BENIGN
78,2019-07-15 14:24:37,BENIGN
79,2019-07-15 14:25:07,BENIGN
80,2019-07-15 14:25:37,BENIGN
81,2019-07-15 14:26:07,BENIGN
82,2019-07-15 14:26:37,BENIGN
83,2019-07-15 14:27:07,BENIGN
84,2019-07-15 14:27:37,BENIGN
85,2019-07-15 14:28:07,BENIGN
86,2019-07-15 14:28:37,BENIGN
87,2019-07-15 14:29:07,BENIGN
88,2019-07-15 14:29:37,BENIGN
89,2019-07-15 14:30:07,BENIGN
90,2019-07-15 14:30:37,BENIGN
91,2019-07-15 14:31:07,BENIGN
92,2019-07-15 14:31:37,BENIGN
93,2019-07-15 14:32:07,BENIGN
94,2019-07-15 14:32:37,BENIGN
95,2019-07-15 14:33:07,BENIGN
96,2019-07-15 14:33:37,BENIGN
97,2019-07-15 14:34:07,BENIGN
98,2019-07-15 14:34:37,BENIGN
99,2019-07-15 14:35:07,BENIGN
100,2019-07-15 14:35:37,BENIGN
101,2019-07-15 14:36:07,BENIGN
102,2019-07-15 14:36:37,BENIGN
103,2019-07-15 14:37:07,BENIGN
104,2019-07-15 14:37:37,BENIGN
105,2019-07-15 14:38:07,BENIGN
106,2019-07-15 14:38:37,BENIGN
107,2019-07-15 14:39:07,BENIGN
108,2019-07-15 14:39:37,BENIGN
109,2019-07-15 14:40:07,BENIGN
110,2019-07-15 14:40:37,BENIGN
111,2019-07-15 14:41:07,BENIGN
112,2019-07-15 14:41:37,BENIGN
113,2019-07-15 14:42:07,BENIGN
114,2019-07-15 14:42:37,BENIGN
115,2019-07-15 14:43:07,BENIGN
116,2019-07-15 14:43:37,BENIGN
117,2019-07-15 14:44:07,BENIGN
118,2019-07-15 14:44:37,BENIGN
119,2019-07-15 14:45:07,BENIGN
120,2019-07-15 14:45:37,BENIGN
121,2019-07-15 14:46:07,BENIGN
122,2019-07-15 14:46:37,BENIGN
123,2019-07-15 14:47:07,BENIGN
124,2019-07-15 14:47:37,BENIGN
125,2019-07-15 14:48:07,BENIGN
126,2019-07-15 14:48:37,BENIGN
127,2019-07-15 14:49:07,BENIGN
128,2019-07-15 14:49:37,BENIGN
129,2019-07-15 14:50:07,BENIGN
130,2019-07-15 14:50:37,BENIGN
131,2019-07-15 14:51:07,BENIGN
132,2019-07-15 14:51:37,BENIGN
133,2019-07-15 14:52:07,BENIGN
134,2019-07-15 14:52:37,BENIGN
135,2019-07-15 14:53:07,BENIGN
136,2019-07-15 14:53:37,BENIGN
137,2019-07-15 14:54:07,BENIGN
138,2019-07-15 14:54:37,BENIGN
139,2019-07-15 14:55:07,BENIGN
140,2019-07-15 14:55:37,BENIGN
141,2019-07-15 14:56:07,BENIGN
142,2019-07-15 14:56:37,BENIGN
143,2019-07-15 14:57:07,BENIGN
144,2019-07-15 14:57:37,BENIGN
145,2019-07-15 14:58:07,BENIGN
146,2019-07-15 14:58:37,BENIGN
147,2019-07-15 14:59:07,BENIGN
148,2019-07-15 14:59:37,BENIGN
149,2019-07-15 15:00:07,BENIGN
150,2019-07-15 15:00:37,BENIGN
151,2019-07-15 15:01:07,BENIGN
152,2019-07-15 15:01:37,BENIGN
153,2019-07-15 15:02:07,BENIGN
154,2019-07-15 15:02:37,BENIGN
155,2019-07-15 15:03:07,BENIGN
156,2019-07-15 15:03:37,BENIGN
157,2019-07-15 15:04:07,BENIGN
158,2019-07-15 15:04:37,BENIGN
159,2019-07-15 15:05:07,BENIGN
160,2019-07-15 15:05:37,BENIGN
161,2019-07-15 15:06:07,BENIGN
162,2019-07-15 15:06:37,BENIGN
163,2019-07-15 15:07:07,BENIGN
164,2019-07-15 15:07:37,BENIGN
165,2019-07-15 15:08:07,BENIGN
166,2019-07-15 15:08:37,BENIGN
167,2019-07-15 15:09:07,BENIGN
168,2019-07-15 15:09:37,BENIGN
169,2019-07-15 15:10:07,BENIGN
170,2019-07-15 15:10:37,BENIGN
171,2019-07-15 15:11:07,BENIGN
172,2019-07-15 15:11:37,BENIGN
173,2019-07-15 15:12:07,BENIGN
174,2019-07-15 15:12:37,BENIGN
175,2019-07-15 15:13:07,BENIGN
176,2019-07-15 15:13:37,BENIGN
177,2019-07-15 15:14:07,BENIGN
178,2019-07-15 15:14:37,BENIGN
179,2019-07-15 15:15:07,BENIGN
180,2019-07-15 15:15:37,BENIGN
181,2019-07-15 15:16:07,BENIGN
182,2019-07-15 15:16:37,BENIGN
183,2019-07-15 15:17:07,BENIGN
184,2019-07-15 15:17:37,BENIGN
185,2019-07-15 15:18:07,BENIGN
186,2019-07-15 15:18:37,BENIGN
187,2019-07-15 15:19:07,BENIGN
188,2019-07-15 15:19:37,BENIGN
189,2019-07-15 15:20:07,BENIGN
190,2019-07-15 15:20:37,BENIGN
191,2019-07-15 15:21:07,BENIGN
192,2019-07-15 15:21:37,BENIGN
193,2019-07-15 15:22:07,BENIGN
194,2019-07-15 15:22:37,BENIGN
195,2019-07-15 15:23:07,BENIGN
196,2019-07-15 15:23:37,BENIGN
197,2019-07-15 15:24:07,BENIGN
198,2019-07-15 15:24:37,BENIGN
199,2019-07-15 15:25:07,BENIGN
200,2019-07-15 15:25:37,BENIGN
201,2019-07-15 15:26:07,BENIGN
202,2019-07-15 15:26:37,BENIGN
203,2019-07-15 15:27:07,BENIGN
204,2019-07-15 15:27:37,BENIGN
205,2019-07-15 15:28:07,BENIGN
206,2019-07-15 15:28:37,BENIGN
207,2019-07-15 15:29:07,BENIGN
208,2019-07-15 15:29:37,BENIGN
209,2019-07-15 15:30:07,BENIGN
210,2019-07-15 15:30:37,BENIGN
211,2019-07-15 15:31:07,BENIGN
212,2019-07-15 15:31:37,BENIGN
213,2019-07-15 15:32:07,BENIGN
214,2019-07-15 15:32:37,BENIGN
215,2019-07-15 15:33:07,BENIGN
216,2019-07-15 15:33:37,BENIGN
217,2019-07-15 15:34:07,BENIGN
218,2019-07-15 15:34:37,BENIGN
219,2019-07-15 15:35:07,BENIGN
220,2019-07-15 15:35:37,BENIGN
221,2019-07-15 15:36:07,BENIGN
222,2019-07-15 15:36:37,BENIGN
223,2019-07-15 15:37:07,BENIGN
224,2019-07-15 15:37:37,BENIGN
225,2019-07-15 15:38:07,BENIGN
226,2019-07-15 15:38:37,BENIGN
227,2019-07-15 15:39:07,BENIGN
228,2019-07-15 15:39:37,BENIGN
229,2019-07-15 15:40:07,BENIGN
230,2019-07-15 15:40:37,BENIGN
231,2019-07-15 15:41:07,BENIGN
232,2019-07-15 15:41:37,BENIGN
233,2019-07-15 15:42:07,BENIGN
234,2019-07-15 15:42:37,BENIGN
235,2019-07-15 15:43:07,BENIGN
236,2019-07-15 15:43:37,BENIGN
237,2019-07-15 15:44:07,BENIGN
238,2019-07-15 15:44:37,BENIGN
239,2019-07-15 15:45:07,BENIGN
240,2019-07-15 15:45:37,BENIGN
241,2019-07-15 15:46:07,BENIGN
242,2019-07-15 15:46:37,BENIGN
243,2019-07-15 15:47:07,BENIGN
244,2019-07-15 15:47:37,BENIGN
245,2019-07-15 15:48:07,BENIGN
246,2019-07-15 15:48:37,BENIGN
247,2019-07-15 15:49:07,BENIGN
248,2019-07-15 15:49:37,BENIGN
249,2019-07-15 15:50:07,BENIGN
250,2019-07-15 15:50:37,BENIGN
251,2019-07-15 15:51:07,BENIGN
252,2019-07-15 15:51:37,BENIGN
253,2019-07-15 15:52:07,BENIGN
254,2019-07-15 15:52:37,BENIGN
255,2019-07-15 15:53:07,BENIGN
256,2019-07-15 15:53:37,BENIGN
257,2019-07-15 15:54:07,BENIGN
258,2019-07-15 15:54:37,BENIGN
259,2019-07-15 15:55:07,BENIGN
260,2019-07-15 15:55:37,BENIGN
261,2019-07-15 15:56:07,BENIGN
262,2019-07-15 15:56:37,BENIGN
263,2019-07-15 15:57:07,BENIGN
264,2019-07-15 15:57:37,BENIGN
265,2019-07-15 15:58:07,BENIGN
266,2019-07-15 15:58:37,BENIGN
267,2019-07-15 15:59:07,BENIGN
268,2019-07-15 15:59:37,BENIGN
269,2019-07-15 16:00:07,BENIGN
270,2019-07-15 16:00:37,BENIGN
271,2019-07-15 16:01:07,BENIGN
272,2019-07-15 16:01:37,BENIGN
273,2019-07-15 16:02:07,BENIGN
274,2019-07-15 16:02:37,BENIGN
275,2019-07-15 16:03:07,BENIGN
276,2019-07-15 16:03:37,BENIGN
277,2019-07-15 16:04:07,BENIGN
278,2019-07-15 16:04:37,BENIGN
279,2019-07-15 16:05:07,BENIGN
280,2019-07-15 16:05:37,BENIGN
281,2019-07-15 16:06:07,BENIGN
282,2019-07-15 16:06:37,BENIGN
283,2019-07-15 16:07:07,BENIGN
284,2019-07-15 16:07:37,BENIGN
285,2019-07-15 16:08:07,BENIGN
286,2019-07-15 16:08:37,BENIGN
287,2019-07-15 16:09:07,BENIGN
288,2019-07-15 16:09:37,BENIGN
289,2019-07-15 16:10:07,BENIGN
290,2019-07-15 16:10:37,BENIGN
291,2019-07-15 16:11:07,BENIGN
292,2019-07-15 16:11:37,BENIGN
293,2019-07-15 16:12:07,BENIGN
294,2019-07-15 16:12:37,BENIGN
295,2019-07-15 16:13:07,BENIGN
296,2019-07-15 16:13:37,BENIGN
297,2019-07-15 16:14:07,BENIGN
298,2019-07-15 16:14:37,BENIGN
299,2019-07-15 16:15:07,BENIGN
300,2019-07-15 16:15:37,BENIGN
301,2019-07-15 16:16:07,BENIGN
302,2019-07-15 16:16:37,BENIGN
303,2019-07-15 16:17:07,BENIGN
304,2019-07-15 16:17:37,BENIGN
305,2019-07-15 16:18:07,BENIGN
306,2019-07-15 16:18:37,BENIGN
307,2019-07-15 16:19:07,BENIGN
308,2019-07-15 16:19:37,BENIGN
309,2019-07-15 16:20:07,BENIGN
310,2019-07-15 16:20:37,BENIGN
311,2019-07-15 16:21:07,BENIGN
312,2019-07-15 16:21:37,BENIGN
313,2019-07-15 16:22:07,BENIGN
314,2019-07-15 16:22:37,BENIGN
315,2019-07-15 16:23:07,BENIGN
316,2019-07-15 16:23:37,BENIGN
317,2019-07-15 16:24:07,BENIGN
318,2019-07-15 16:24:37,BENIGN
319,2019-07-15 16:25:07,BENIGN
320,2019-07-15 16:25:37,BENIGN
321,2019-07-15 16:26:07,BENIGN
322,2019-07-15 16:26:37,BENIGN
323,2019-07-15 16:27:07,BENIGN
324,2019-07-15 16:27:37,BENIGN
325,2019-07-15 16:28:07,BENIGN
326,2019-07-15 16:28:37,BENIGN
327,2019-07-15 16:29:07,BENIGN
328,2019-07-15 16:29:37,BENIGN
329,2019-07-15 16:30:07,BENIGN
330,2019-07-15 16:30:37,BENIGN
331,2019-07-15 16:31:07,BENIGN
332,2019-07-15 16:31:37,BENIGN
333,2019-07-15 16:32:07,BENIGN
334,2019-07-15 16:32:37,BENIGN
335,2019-07-15 16:33:07,BENIGN
336,2019-07-15 16:33:37,BENIGN
337,2019-07-15 16:34:07,BENIGN
338,2019-07-15 16:34:37,BENIGN
339,2019-07-15 16:35:07,BENIGN
340,2019-07-15 16:35:37,BENIGN
341,2019-07-15 16:36:07,BENIGN
342,2019-07-15 16:36:37,BENIGN
343,2019-07-15 16:37:07,BENIGN
344,2019-07-15 16:37:37,BENIGN
345,2019-07-15 16:38:07,BENIGN
346,2019-07-15 16:38:37,BENIGN
347,2019-07-15 16:39:07,BENIGN
348,2019-07-15 16:39:37,BENIGN
349,2019-07-15 16:40:07,BENIGN
350,2019-07-15 16:40:37,BENIGN
351,2019-07-15 16:41:07,BENIGN
352,2019-07-15 16:41:37,BENIGN
353,2019-07-15 16:42:07,BENIGN
354,2019-07-15 16:42:37,BENIGN
355,2019-07-15 16:43:07,BENIGN
356,2019-07-15 16:43:37,BENIGN
357,2019-07-15 16:44:07,BENIGN
358,2019-07-15 16:44:37,BENIGN
359,2019-07-15 16:45:07,BENIGN
360,2019-07-15 16:45:37,BENIGN
361,2019-07-15 16:46:07,BENIGN
362,2019-07-15 16:46:37,BENIGN
363,2019-07-15 16:47:07,BENIGN
364,2019-07-15 16:47:37,BENIGN
365,2019-07-15 16:48:07,BENIGN
366,2019-07-15 16:48:37,BENIGN
367,2019-07-15 16:49:07,BENIGN
368,2019-07-15 16:49:37,BENIGN
369,2019-07-15 16:50:07,BENIGN
370,2019-07-15 16:50:37,BENIGN
371,2019-07-15 16:51:07,BENIGN
372,2019-07-15 16:51:37,BENIGN
373,2019-07-15 16:52:07,BENIGN
374,2019-07-15 16:52:37,BENIGN
375,2019-07-15 16:53:07,BENIGN
376,2019-07-15 16:53:37,BENIGN
377,2019-07-15 16:54:07,BENIGN
378,2019-07-15 16:54:37,BENIGN
379,2019-07-15 16:55:07,BENIGN
380,2019-07-15 16:55:37,BENIGN
381,2019-07-15 16:56:07,BENIGN
382,2019-07-15 16:56:37,BENIGN
383,2019-07-15 16:57:07,BENIGN
384,2019-07-15 16:57:37,BENIGN
385,2019-07-15 16:58:07,BENIGN
386,2019-07-15 16:58:37,BENIGN
387,2019-07-15 16:59:07,BENIGN
388,2019-07-15 16:59:37,BENIGN
389,2019-07-15 17:00:07,BENIGN
390,2019-07-15 17:00:37,BENIGN
391,2019-07-15 17:01:07,BENIGN
392,2019-07-15 17:01:37,BENIGN
393,2019-07-15 17:02:07,BENIGN
394,2019-07-15 17:02:37,BENIGN
395,2019-07-15 17:03:07,BENIGN
396,2019-07-15 17:03:37,BENIGN
397,2019-07-15 17:04:07,BENIGN
398,2019-07-15 17:04:37,BENIGN
399,2019-07-15 17:05:07,BENIGN
400,2019-07-15 17:05:37,BENIGN
401,2019-07-15 17:06:07,BENIGN
402,2019-07-15 17:06:37,BENIGN
403,2019-07-15 17:07:07,BENIGN
404,2019-07-15 17:07:37,BENIGN
405,2019-07-15 17:08:07,BENIGN
406,2019-07-15 17:08:37,BENIGN
407,2019-07-15 17:09:07,BENIGN
408,2019-07-15 17:09:37,BENIGN
409,2019-07-15 17:10:07,BENIGN
410,2019-07-15 17:10:37,BENIGN
411,2019-07-15 17:11:07,BENIGN
412,2019-07-15 17:11:37,BENIGN
413,2019-07-15 17:12:07,BENIGN
414,2019-07-15 17:12:37,BENIGN
415,2019-07-15 17:13:07,BENIGN
416,2019-07-15 17:13:37,BENIGN
417,2019-07-15 17:14:07,BENIGN
418,2019-07-15 17:14:37,BENIGN
419,2019-07-15 17:15:07,BENIGN
420,2019-07-15 17:15:37,BENIGN
421,2019-07-15 17:16:07,BENIGN
422,2019-07-15 17:16:37,BENIGN
423,2019-07-15 17:17:07,BENIGN
424,2019-07-15 17:17:37,BENIGN
425,2019-07-15 17:18:07,BENIGN
426,2019-07-15 17:18:37,BENIGN
427,2019-07-15 17:19:07,BENIGN
428,2019-07-15 17:19:37,BENIGN
429,2019-07-15 17:20:07,BENIGN
430,2019-07-15 17:20:37,BENIGN
431,2019-07-15 17:21:07,BENIGN
432,2019-07-15 17:21:37,BENIGN
433,2019-07-15 17:22:07,BENIGN
434,2019-07-15 17:22:37,BENIGN
435,2019-07-15 17:23:07,BENIGN
436,2019-07-15 17:23:37,BENIGN
437,2019-07-15 17:24:07,BENIGN
438,2019-07-15 17:24:37,BENIGN
439,2019-07-15 17:25:07,BENIGN
440,2019-07-15 17:25:37,BENIGN
441,2019-07-15 17:26:07,BENIGN
442,2019-07-15 17:26:37,BENIGN
443,2019-07-15 17:27:07,BENIGN
444,2019-07-15 17:27:37,BENIGN
445,2019-07-15 17:28:07,BENIGN
446,2019-07-15 17:28:37,BENIGN
447,2019-07-15 17:29:07,BENIGN
448,2019-07-15 17:29:37,BENIGN
449,2019-07-15 17:30:07,BENIGN
450,2019-07-15 17:30:37,BENIGN
451,2019-07-15 17:31:07,BENIGN
452,2019-07-15 17:31:37,BENIGN
453,2019-07-15 17:32:07,BENIGN
454,2019-07-15 17:32:37,BENIGN
455,2019-07-15 17:33:07,BENIGN
456,2019-07-15 17:33:37,BENIGN
457,2019-07-15 17:34:07,BENIGN
458,2019-07-15 17:34:37,BENIGN
459,2019-07-15 17:35:07,BENIGN
460,2019-07-15 17:35:37,BENIGN
461,2019-07-15 17:36:07,BENIGN
462,2019-07-15 17:36:37,BENIGN
463,2019-07-15 17:37:07,BENIGN
464,2019-07-15 17:37:37,BENIGN
465,2019-07-15 17:38:07,BENIGN
466,2019-07-15 17:38:37,BENIGN
467,2019-07-15 17:39:07,BENIGN
468,2019-07-15 17:39:37,BENIGN
469,2019-07-15 17:40:07,BENIGN
470,2019-07-15 17:40:37,BENIGN
471,2019-07-15 17:41:07,BENIGN
472,2019-07-15 17:41:37,BENIGN
473,2019-07-15 17:42:07,BENIGN
474,2019-07-15 17:42:37,BENIGN
475,2019-07-15 17:43:07,BENIGN
476,2019-07-15 17:43:37,BENIGN
477,2019-07-15 17:44:07,BENIGN
478,2019-07-15 17:44:37,BENIGN
479,2019-07-15 17:45:07,BENIGN
480,2019-07-15 17:45:37,BENIGN
481,2019-07-15 17:46:07,BENIGN
482,2019-07-15 17:46:37,BENIGN
483,2019-07-15 17:47:07,BENIGN
484,2019-07-15 17:47:37,BENIGN
485,2019-07-15 17:48:07,BENIGN
486,2019-07-15 17:48:37,BENIGN
487,2019-07-15 17:49:07,BENIGN
488,2019-07-15 17:49:37,BENIGN
489,2019-07-15 17:50:07,BENIGN
490,2019-07-15 17:50:37,BENIGN
491,2019-07-15 17:51:07,BENIGN
492,2019-07-15 17:51:37,BENIGN
493,2019-07-15 17:52:07,BENIGN
494,2019-07-15 17:52:37,BENIGN
495,2019-07-15 17:53:07,BENIGN
496,2019-07-15 17:53:37,BENIGN
497,2019-07-15 17:54:07,BENIGN
498,2019-07-15 17:54:37,BENIGN
499,2019-07-15 17:55:07,BENIGN
500,2019-07-15 17:55:37,BENIGN
501,2019-07-15 17:56:07,BENIGN
502,2019-07-15 17:56:37,BENIGN
503,2019-07-15 17:57:07,BENIGN
504,2019-07-15 17:57:37,BENIGN
505,2019-07-15 17:58:07,BENIGN
506,2019-07-15 17:58:37,BENIGN
507,2019-07-15 17:59:07,BENIGN
508,2019-07-15 17:59:37,BENIGN
509,2019-07-15 18:00:07,BENIGN
510,2019-07-15 18:00:37,BENIGN
511,2019-07-15 18:01:07,BENIGN
512,2019-07-15 18:01:37,BENIGN
513,2019-07-15 18:02:07,BENIGN
514,2019-07-15 18:02:37,BENIGN
515,2019-07-15 18:03:07,BENIGN
516,2019-07-15 18:03:37,BENIGN
517,2019-07-15 18:04:07,BENIGN
518,2019-07-15 18:04:37,BENIGN
519,2019-07-15 18:05:07,BENIGN
520,2019-07-15 18:05:37,BENIGN
521,2019-07-15 18:06:07,BENIGN
522,2019-07-15 18:06:37,BENIGN
523,2019-07-15 18:07:07,BENIGN
524,2019-07-15 18:07:37,BENIGN
525,2019-07-15 18:08:07,BENIGN
526,2019-07-15 18:08:37,BENIGN
527,2019-07-15 18:09:07,BENIGN
528,2019-07-15 18:09:37,BENIGN
529,2019-07-15 18:10:07,BENIGN
530,2019-07-15 18:10:37,BENIGN
531,2019-07-15 18:11:07,BENIGN
532,2019-07-15 18:11:37,BENIGN
533,2019-07-15 18:12:07,BENIGN
534,2019-07-15 18:12:37,BENIGN
535,2019-07-15 18:13:07,BENIGN
536,2019-07-15 18:13:37,BENIGN
537,2019-07-15 18:14:07,BENIGN
538,2019-07-15 18:14:37,BENIGN
539,2019-07-15 18:15:07,BENIGN
540,2019-07-15 18:15:37,BENIGN
541,2019-07-15 18:16:07,BENIGN
542,2019-07-15 18:16:37,BENIGN
543,2019-07-15 18:17:07,BENIGN
544,2019-07-15 18:17:37,BENIGN
545,2019-07-15 18:18:07,BENIGN
546,2019-07-15 18:18:37,BENIGN
547,2019-07-15 18:19:07,BENIGN
548,2019-07-15 18:19:37,BENIGN
549,2019-07-15 18:20:07,BENIGN
550,2019-07-15 18:20:37,BENIGN
551,2019-07-15 18:21:07,BENIGN
552,2019-07-15 18:21:37,BENIGN
553,2019-07-15 18:22:07,BENIGN
554,2019-07-15 18:22:37,BENIGN
555,2019-07-15 18:23:07,BENIGN
556,2019-07-15 18:23:37,BENIGN
557,2019-07-15 18:24:07,BENIGN
558,2019-07-15 18:24:37,BENIGN
559,2019-07-15 18:25:07,BENIGN
560,2019-07-15 18:25:37,BENIGN
561,2019-07-15 18:26:07,BENIGN
562,2019-07-15 18:26:37,BENIGN
563,2019-07-15 18:27:07,BENIGN
564,2019-07-15 18:27:37,BENIGN
565,2019-07-15 18:28:07,BENIGN
566,2019-07-15 18:28:37,BENIGN
567,2019-07-15 18:29:07,BENIGN
568,2019-07-15 18:29:37,BENIGN
569,2019-07-15 18:30:07,BENIGN
570,2019-07-15 18:30:37,BENIGN
571,2019-07-15 18:31:07,BENIGN
572,2019-07-15 18:31:37,BENIGN
573,2019-07-15 18:32:07,BENIGN
574,2019-07-15 18:32:37,BENIGN
575,2019-07-15 18:33:07,BENIGN
576,2019-07-15 18:33:37,BENIGN
577,2019-07-15 18:34:07,BENIGN
578,2019-07-15 18:34:37,BENIGN
579,2019-07-15 18:35:07,BENIGN
580,2019-07-15 18:35:37,BENIGN
581,2019-07-15 18:36:07,BENIGN
582,2019-07-15 18:36:37,BENIGN
583,2019-07-15 18:37:07,BENIGN
584,2019-07-15 18:37:37,BENIGN
585,2019-07-15 18:38:07,BENIGN
586,2019-07-15 18:38:37,BENIGN
587,2019-07-15 18:39:07,BENIGN
588,2019-07-15 18:39:37,BENIGN
589,2019-07-15 18:40:07,BENIGN
590,2019-07-15 18:40:37,BENIGN
591,2019-07-15 18:41:07,BENIGN
592,2019-07-15 18:41:37,BENIGN
593,2019-07-15 18:42:07,BENIGN
594,2019-07-15 18:42:37,BENIGN
595,2019-07-15 18:43:07,BENIGN
596,2019-07-15 18:43:37,BENIGN
597,2019-07-15 18:44:07,BENIGN
598,2019-07-15 18:44:37,BENIGN
599,2019-07-15 18:45:07,BENIGN
600,2019-07-15 18:45:37,BENIGN
601,2019-07-15 18:46:07,BENIGN
602,2019-07-15 18:46:37,BENIGN
603,2019-07-15 18:47:07,BENIGN
604,2019-07-15 18:47:37,BENIGN
605,2019-07-15 18:48:07,BENIGN
606,2019-07-15 18:48:37,BENIGN
607,2019-07-15 18:49:07,BENIGN
608,2019-07-15 18:49:37,BENIGN
609,2019-07-15 18:50:07,BENIGN
610,2019-07-15 18:50:37,BENIGN
611,2019-07-15 18:51:07,BENIGN
612,2019-07-15 18:51:37,BENIGN
613,2019-07-15 18:52:07,BENIGN
614,2019-07-15 18:52:37,BENIGN
615,2019-07-15 18:53:07,BENIGN
616,2019-07-15 18:53:37,BENIGN
617,2019-07-15 18:54:07,BENIGN
618,2019-07-15 18:54:37,BENIGN
619,2019-07-15 18:55:07,BENIGN
620,2019-07-15 18:55:37,BENIGN
621,2019-07-15 18:56:07,BENIGN
622,2019-07-15 18:56:37,BENIGN
623,2019-07-15 18:57:07,BENIGN
624,2019-07-15 18:57:37,BENIGN
625,2019-07-15 18:58:07,BENIGN
626,2019-07-15 18:58:37,BENIGN
627,2019-07-15 18:59:07,BENIGN
628,2019-07-15 18:59:37,BENIGN
629,2019-07-15 19:00:07,BENIGN
630,2019-07-15 19:00:37,BENIGN
631,2019-07-15 19:01:07,BENIGN
632,2019-07-15 19:01:37,BENIGN
633,2019-07-15 19:02:07,BENIGN
634,2019-07-15 19:02:37,BENIGN
635,2019-07-15 19:03:07,BENIGN
636,2019-07-15 19:03:37,BENIGN
637,2019-07-15 19:04:07,BENIGN
638,2019-07-15 19:04:37,BENIGN
639,2019-07-15 19:05:07,BENIGN
640,2019-07-15 19:05:37,BENIGN
641,2019-07-15 19:06:07,BENIGN
642,2019-07-15 19:06:37,BENIGN
643,2019-07-15 19:07:07,BENIGN
644,2019-07-15 19:07:37,BENIGN
645,2019-07-15 19:08:07,BENIGN
646,2019-07-15 19:08:37,BENIGN
647,2019-07-15 19:09:07,BENIGN
648,2019-07-15 19:09:37,BENIGN
649,2019-07-15 19:10:07,BENIGN
650,2019-07-15 19:10:37,BENIGN
651,2019-07-15 19:11:07,BENIGN
652,2019-07-15 19:11:37,BENIGN
653,2019-07-15 19:12:07,BENIGN
654,2019-07-15 19:12:37,BENIGN
655,2019-07-15 19:13:07,BENIGN
656,2019-07-15 19:13:37,BENIGN
657,2019-07-15 19:14:07,BENIGN
658,2019-07-15 19:14:37,BENIGN
659,2019-07-15 19:15:07,BENIGN
660,2019-07-15 19:15:37,BENIGN
661,2019-07-15 19:16:07,BENIGN
662,2019-07-15 19:16:37,BENIGN
663,2019-07-15 19:17:07,BENIGN
664,2019-07-15 19:17:37,BENIGN
665,2019-07-15 19:18:07,BENIGN
666,2019-07-15 19:18:37,BENIGN
667,2019-07-15 19:19:07,BENIGN
668,2019-07-15 19:19:37,BENIGN
669,2019-07-15 19:20:07,BENIGN
670,2019-07-15 19:20:37,BENIGN
671,2019-07-15 19:21:07,BENIGN
672,2019-07-15 19:21:37,BENIGN
673,2019-07-15 19:22:07,BENIGN
674,2019-07-15 19:22:37,BENIGN
675,2019-07-15 19:23:07,BENIGN
676,2019-07-15 19:23:37,BENIGN
677,2019-07-15 19:24:07,BENIGN
678,2019-07-15 19:24:37,BENIGN
679,2019-07-15 19:25:07,BENIGN
680,2019-07-15 19:25:37,BENIGN
681,2019-07-15 19:26:07,BENIGN
682,2019-07-15 19:26:37,BENIGN
683,2019-07-15 19:27:07,BENIGN
684,2019-07-15 19:27:37,BENIGN
685,2019-07-15 19:28:07,BENIGN
686,2019-07-15 19:28:37,BENIGN
687,2019-07-15 19:29:07,BENIGN
688,2019-07-15 19:29:37,BENIGN
689,2019-07-15 19:30:07,BENIGN
690,2019-07-15 19:30:37,BENIGN
691,2019-07-15 19:31:07,BENIGN
692,2019-07-15 19:31:37,BENIGN
693,2019-07-15 19:32:07,BENIGN
694,2019-07-15 19:32:37,BENIGN
695,2019-07-15 19:33:07,BENIGN
696,2019-07-15 19:33:37,BENIGN
697,2019-07-15 19:34:07,BENIGN
698,2019-07-15 19:34:37,BENIGN
699,2019-07-15 19:35:07,BENIGN
700,2019-07-15 19:35:37,BENIGN
701,2019-07-15 19:36:07,BENIGN
702,2019-07-15 19:36:37,BENIGN
703,2019-07-15 19:37:07,BENIGN
704,2019-07-15 19:37:37,BENIGN
705,2019-07-15 19:38:07,BENIGN
706,2019-07-15 19:38:37,BENIGN
707,2019-07-15 19:39:07,BENIGN
708,2019-07-15 19:39:37,BENIGN
709,2019-07-15 19:40:07,BENIGN
710,2019-07-15 19:40:37,BENIGN
711,2019-07-15 19:41:07,BENIGN
712,2019-07-15 19:41:37,BENIGN
713,2019-07-15 19:42:07,BENIGN
714,2019-07-15 19:42:37,BENIGN
715,2019-07-15 19:43:07,BENIGN
716,2019-07-15 19:43:37,BENIGN
717,2019-07-15 19:44:07,BENIGN
718,2019-07-15 19:44:37,BENIGN
719,2019-07-15 19:45:07,BENIGN
720,2019-07-15 19:45:37,BENIGN
721,2019-07-15 19:46:07,BENIGN
722,2019-07-15 19:46:37,BENIGN
723,2019-07-15 19:47:07,BENIGN
724,2019-07-15 19:47:37,BENIGN
725,2019-07-15 19:48:07,BENIGN
726,2019-07-15 19:48:37,BENIGN
727,2019-07-15 19:49:07,BENIGN
728,2019-07-15 19:49:37,BENIGN
729,2019-07-15 19:50:07,BENIGN
730,2019-07-15 19:50:37,BENIGN
731,2019-07-15 19:51:07,BENIGN
732,2019-07-15 19:51:37,BENIGN
733,2019-07-15 19:52:07,BENIGN
734,2019-07-15 19:52:37,BENIGN
735,2019-07-15 19:53:07,BENIGN
736,2019-07-15 19:53:37,BENIGN
737,2019-07-15 19:54:07,BENIGN
738,2019-07-15 19:54:37,BENIGN
739,2019-07-15 19:55:07,BENIGN
740,2019-07-15 19:55:37,BENIGN
741,2019-07-15 19:56:07,BENIGN
742,2019-07-15 19:56:37,BENIGN
743,2019-07-15 19:57:07,BENIGN
744,2019-07-15 19:57:37,BENIGN
745,2019-07-15 19:58:07,BENIGN
746,2019-07-15 19:58:37,BENIGN
747,2019-07-15 19:59:07,BENIGN
748,2019-07-15 19:59:37,BENIGN
749,2019-07-15 20:00:07,BENIGN
750,2019-07-15 20:00:37,BENIGN
751,2019-07-15 20:01:07,BENIGN
752,2019-07-15 20:01:37,BENIGN
753,2019-07-15 20:02:07,BENIGN
754,2019-07-15 20:02:37,BENIGN
755,2019-07-15 20:03:07,BENIGN
756,2019-07-15 20:03:37,BENIGN
757,2019-07-15 20:04:07,BENIGN
758,2019-07-15 20:04:37,BENIGN
759,2019-07-15 20:05:07,BENIGN
760,2019-07-15 20:05:37,BENIGN
761,2019-07-15 20:06:07,BENIGN
762,2019-07-15 20:06:37,BENIGN
763,2019-07-15 20:07:07,BENIGN
764,2019-07-15 20:07:37,BENIGN
765,2019-07-15 20:08:07,BENIGN
766,2019-07-15 20:08:37,BENIGN
767,2019-07-15 20:09:07,BENIGN
768,2019-07-15 20:09:37,BENIGN
769,2019-07-15 20:10:07,BENIGN
770,2019-07-15 20:10:37,BENIGN
771,2019-07-15 20:11:07,BENIGN
772,2019-07-15 20:11:37,BENIGN
773,2019-07-15 20:12:07,BENIGN
774,2019-07-15 20:12:37,BENIGN
775,2019-07-15 20:13:07,BENIGN
776,2019-07-15 20:13:37,BENIGN
777,2019-07-15 20:14:07,BENIGN
778,2019-07-15 20:14:37,BENIGN
779,2019-07-15 20:15:07,BENIGN
780,2019-07-15 20:15:37,BENIGN
781,2019-07-15 20:16:07,BENIGN
782,2019-07-15 20:16:37,BENIGN
783,2019-07-15 20:17:07,BENIGN
784,2019-07-15 20:17:37,BENIGN
785,2019-07-15 20:18:07,BENIGN
786,2019-07-15 20:18:37,BENIGN
787,2019-07-15 20:19:07,BENIGN
788,2019-07-15 20:19:37,BENIGN
789,2019-07-15 20:20:07,BENIGN
790,2019-07-15 20:20:37,BENIGN
791,2019-07-15 20:21:07,BENIGN
792,2019-07-15 20:21:37,BENIGN
793,2019-07-15 20:22:07,BENIGN
794,2019-07-15 20:22:37,BENIGN
795,2019-07-15 20:23:07,BENIGN
796,2019-07-15 20:23:37,BENIGN
797,2019-07-15 20:24:07,BENIGN
798,2019-07-15 20:24:37,BENIGN
799,2019-07-15 20:25:07,BENIGN
800,2019-07-15 20:25:37,BENIGN
801,2019-07-15 20:26:07,BENIGN
802,2019-07-15 20:26:37,BENIGN
803,2019-07-15 20:27:07,BENIGN
804,2019-07-15 20:27:37,BENIGN
805,2019-07-15 20:28:07,BENIGN
806,2019-07-15 20:28:37,BENIGN
807,2019-07-15 20:29:07,BENIGN
808,2019-07-15 20:29:37,BENIGN
809,2019-07-15 20:30:07,BENIGN
810,2019-07-15 20:30:37,BENIGN
811,2019-07-15 20:31:07,BENIGN
812,2019-07-15 20:31:37,BENIGN
813,2019-07-15 20:32:07,BENIGN
814,2019-07-15 20:32:37,BENIGN
815,2019-07-15 20:33:07,BENIGN
816,2019-07-15 20:33:37,BENIGN
817,2019-07-15 20:34:07,BENIGN
818,2019-07-15 20:34:37,BENIGN
819,2019-07-15 20:35:07,BENIGN
820,2019-07-15 20:35:37,BENIGN
821,2019-07-15 20:36:07,BENIGN
822,2019-07-15 20:36:37,BENIGN
823,2019-07-15 20:37:07,BENIGN
824,2019-07-15 20:37:37,BENIGN
825,2019-07-15 20:38:07,BENIGN
826,2019-07-15 20:38:37,BENIGN
827,2019-07-15 20:39:07,BENIGN
828,2019-07-15 20:39:37,BENIGN
829,2019-07-15 20:40:07,BENIGN
830,2019-07-15 20:40:37,BENIGN
831,2019-07-15 20:41:07,BENIGN
832,2019-07-15 20:41:37,BENIGN
833,2019-07-15 20:42:07,BENIGN
834,2019-07-15 20:42:37,BENIGN
835,2019-07-15 20:43:07,BENIGN
836,2019-07-15 20:43:37,BENIGN
837,2019-07-15 20:44:07,BENIGN
838,2019-07-15 20:44:37,BENIGN
839,2019-07-15 20:45:07,BENIGN
840,2019-07-15 20:45:37,BENIGN
841,2019-07-15 20:46:07,BENIGN
842,2019-07-15 20:46:37,BENIGN
843,2019-07-15 20:47:07,BENIGN
844,2019-07-15 20:47:37,BENIGN
845,2019-07-15 20:48:07,BENIGN
846,2019-07-15 20:48:37,BENIGN
847,2019-07-15 20:49:07,BENIGN
848,2019-07-15 20:49:37,BENIGN
849,2019-07-15 20:50:07,BENIGN
850,2019-07-15 20:50:37,BENIGN
851,2019-07-15 20:51:07,BENIGN
852,2019-07-15 20:51:37,BENIGN
853,2019-07-15 20:52:07,BENIGN
854,2019-07-15 20:52:37,BENIGN
855,2019-07-15 20:53:07,BENIGN
856,2019-07-15 20:53:37,BENIGN
857,2019-07-15 20:54:07,BENIGN
858,2019-07-15 20:54:37,BENIGN
859,2019-07-15 20:55:07,BENIGN
860,2019-07-15 20:55:37,BENIGN
861,2019-07-15 20:56:07,BENIGN
862,2019-07-15 20:56:37,BENIGN
863,2019-07-15 20:57:07,BENIGN
864,2019-07-15 20:57:37,BENIGN
865,2019-07-15 20:58:07,BENIGN
866,2019-07-15 20:58:37,BENIGN
867,2019-07-15 20:59:07,BENIGN
868,2019-07-15 20:59:37,BENIGN
869,2019-07-15 21:00:07,BENIGN
870,2019-07-15 21:00:37,BENIGN
871,2019-07-15 21:01:07,BENIGN
872,2019-07-15 21:01:37,BENIGN
873,2019-07-15 21:02:07,BENIGN
874,2019-07-15 21:02:37,BENIGN
875,2019-07-15 21:03:07,BENIGN
876,2019-07-15 21:03:37,BENIGN
877,2019-07-15 21:04:07,BENIGN
878,2019-07-15 21:04:37,BENIGN
879,2019-07-15 21:05:07,BENIGN
880,2019-07-15 21:05:37,BENIGN
881,2019-07-15 21:06:07,BENIGN
882,2019-07-15 21:06:37,BENIGN
883,2019-07-15 21:07:07,BENIGN
884,2019-07-15 21:07:37,BENIGN
885,2019-07-15 21:08:07,BENIGN
886,2019-07-15 21:08:37,BENIGN
887,2019-07-15 21:09:07,BENIGN
888,2019-07-15 21:09:37,BENIGN
889,2019-07-15 21:10:07,BENIGN
890,2019-07-15 21:10:37,BENIGN
891,2019-07-15 21:11:07,BENIGN
892,2019-07-15 21:11:37,BENIGN
893,2019-07-15 21:12:07,BENIGN
894,2019-07-15 21:12:37,BENIGN
895,2019-07-15 21:13:07,BENIGN
896,2019-07-15 21:13:37,BENIGN
897,2019-07-15 21:14:07,BENIGN
898,2019-07-15 21:14:37,BENIGN
899,2019-07-15 21:15:07,BENIGN
900,2019-07-15 21:15:37,BENIGN
901,2019-07-15 21:16:07,BENIGN
902,2019-07-15 21:16:37,BENIGN
903,2019-07-15 21:17:07,BENIGN
904,2019-07-15 21:17:37,BENIGN
905,2019-07-15 21:18:07,BENIGN
906,2019-07-15 21:18:37,BENIGN
907,2019-07-15 21:19:07,BENIGN
908,2019-07-15 21:19:37,BENIGN
909,2019-07-15 21:20:07,BENIGN
910,2019-07-15 21:20:37,BENIGN
911,2019-07-15 21:21:07,BENIGN
912,2019-07-15 21:21:37,BENIGN
913,2019-07-15 21:22:07,BENIGN
914,2019-07-15 21:22:37,BENIGN
915,2019-07-15 21:23:07,BENIGN
916,2019-07-15 21:23:37,BENIGN
917,2019-07-15 21:24:07,BENIGN
918,2019-07-15 21:24:37,BENIGN
919,2019-07-15 21:25:07,BENIGN
920,2019-07-15 21:25:37,BENIGN
921,2019-07-15 21:26:07,BENIGN
922,2019-07-15 21:26:37,BENIGN
923,2019-07-15 21:27:07,BENIGN
924,2019-07-15 21:27:37,BENIGN
925,2019-07-15 21:28:07,BENIGN
926,2019-07-15 21:28:37,BENIGN
927,2019-07-15 21:29:07,BENIGN
928,2019-07-15 21:29:37,BENIGN
929,2019-07-15 21:30:07,BENIGN
