Scenario,Timestamp,Prediction_Probability,Warning_Severity,Predicted_Warning,Actual_Warning,Prediction_Result,Actual_Status,Attack_Progression,States_To_Next_Attack,Minutes_To_Next_Attack,Top_1_Feature,Top_1_SHAP,Top_1_Direction,Top_2_Feature,Top_2_SHAP,Top_2_Direction,Top_3_Feature,Top_3_SHAP,Top_3_Direction,MITRE_Tactic,MITRE_Technique_ID,MITRE_Technique,MITRE_Confidence,Progression_Explanation,SHAP_Explanation,Explainable_Warning
12,2011-08-19 10:33:13.757874,0.124285504,LOW,1,0,False Positive,Normal / No Ground-Truth Warning,Normal Baseline,18.0,9.000196433333334,Avg_Bytes_Per_Flow,0.0246998444199562,toward_warning,Total_Bytes_Change,-0.0231404684425797,away_from_warning,Avg_Packets_Per_Flow,0.0212275237776339,toward_warning,Command and Control,T1071,Application Layer Protocol,Medium,Network activity is in a normal baseline state.,"Top model contributors: Avg_Bytes_Per_Flow (toward_warning, SHAP=0.0247); Total_Bytes_Change (away_from_warning, SHAP=-0.0231); Avg_Packets_Per_Flow (toward_warning, SHAP=0.0212).","ThreatCast generated a LOW model warning with probability 0.124. Prediction result: False Positive. Ground-truth status: Normal / No Ground-Truth Warning. Observed progression: Normal Baseline. The next observed attack is 18 network state(s) away. Top model contributors: Avg_Bytes_Per_Flow (toward_warning, SHAP=0.0247); Total_Bytes_Change (away_from_warning, SHAP=-0.0231); Avg_Packets_Per_Flow (toward_warning, SHAP=0.0212)."
12,2011-08-19 10:33:43.755079,0.1415698,LOW,1,0,False Positive,Normal / No Ground-Truth Warning,Normal Baseline,17.0,8.500243016666667,Avg_Duration,0.0451724943704903,toward_warning,Avg_Packets_Per_Flow,0.039054085034877,toward_warning,Total_Packets_Change,-0.0243824356002733,away_from_warning,Command and Control,T1071,Application Layer Protocol,Medium,Network activity is in a normal baseline state.,"Top model contributors: Avg_Duration (toward_warning, SHAP=0.0452); Avg_Packets_Per_Flow (toward_warning, SHAP=0.0391); Total_Packets_Change (away_from_warning, SHAP=-0.0244).","ThreatCast generated a LOW model warning with probability 0.142. Prediction result: False Positive. Ground-truth status: Normal / No Ground-Truth Warning. Observed progression: Normal Baseline. The next observed attack is 17 network state(s) away. Top model contributors: Avg_Duration (toward_warning, SHAP=0.0452); Avg_Packets_Per_Flow (toward_warning, SHAP=0.0391); Total_Packets_Change (away_from_warning, SHAP=-0.0244)."
12,2011-08-19 10:35:43.752517,0.227873,MEDIUM,1,0,False Positive,Normal / No Ground-Truth Warning,Normal Baseline,13.0,6.500285716666666,Avg_Duration_Change,0.0114793687243945,toward_warning,Avg_Duration,0.0037845840444788,toward_warning,Total_Bytes_Change,-0.0031346376606961,away_from_warning,Command and Control,T1071,Application Layer Protocol,Medium,Network activity is in a normal baseline state.,"Top model contributors: Avg_Duration_Change (toward_warning, SHAP=0.0115); Avg_Duration (toward_warning, SHAP=0.0038); Total_Bytes_Change (away_from_warning, SHAP=-0.0031).","ThreatCast generated a MEDIUM model warning with probability 0.228. Prediction result: False Positive. Ground-truth status: Normal / No Ground-Truth Warning. Observed progression: Normal Baseline. The next observed attack is 13 network state(s) away. Top model contributors: Avg_Duration_Change (toward_warning, SHAP=0.0115); Avg_Duration (toward_warning, SHAP=0.0038); Total_Bytes_Change (away_from_warning, SHAP=-0.0031)."
12,2011-08-19 10:36:13.765325,0.37971056,MEDIUM,1,0,False Positive,Normal / No Ground-Truth Warning,Normal Baseline,12.0,6.0000722500000006,Avg_Duration,0.0263819266110658,toward_warning,Avg_Duration_Change,0.0187221985310316,toward_warning,Flow_Count,0.0072261968773091,toward_warning,Command and Control,T1071,Application Layer Protocol,Medium,Network activity is in a normal baseline state.,"Top model contributors: Avg_Duration (toward_warning, SHAP=0.0264); Avg_Duration_Change (toward_warning, SHAP=0.0187); Flow_Count (toward_warning, SHAP=0.0072).","ThreatCast generated a MEDIUM model warning with probability 0.380. Prediction result: False Positive. Ground-truth status: Normal / No Ground-Truth Warning. Observed progression: Normal Baseline. The next observed attack is 12 network state(s) away. Top model contributors: Avg_Duration (toward_warning, SHAP=0.0264); Avg_Duration_Change (toward_warning, SHAP=0.0187); Flow_Count (toward_warning, SHAP=0.0072)."
12,2011-08-19 10:36:43.811535,0.39370793,MEDIUM,1,0,False Positive,Normal / No Ground-Truth Warning,Normal Baseline,11.0,5.499302083333333,Avg_Duration,0.0664529439993202,toward_warning,Avg_Duration_Change,0.0349520102143287,toward_warning,Flow_Count,0.0071154128527268,toward_warning,Command and Control,T1071,Application Layer Protocol,Medium,Network activity is in a normal baseline state.,"Top model contributors: Avg_Duration (toward_warning, SHAP=0.0665); Avg_Duration_Change (toward_warning, SHAP=0.0350); Flow_Count (toward_warning, SHAP=0.0071).","ThreatCast generated a MEDIUM model warning with probability 0.394. Prediction result: False Positive. Ground-truth status: Normal / No Ground-Truth Warning. Observed progression: Normal Baseline. The next observed attack is 11 network state(s) away. Top model contributors: Avg_Duration (toward_warning, SHAP=0.0665); Avg_Duration_Change (toward_warning, SHAP=0.0350); Flow_Count (toward_warning, SHAP=0.0071)."
12,2011-08-19 10:37:13.765243,0.18925999,LOW,1,1,True Positive,Actual Early Warning,Early Warning,10.0,5.000073616666667,Avg_Duration_Change,0.0282930791378021,toward_warning,Avg_Duration,0.0036080099642276,toward_warning,Total_Source_Bytes,0.0004656076111132,toward_warning,Command and Control,T1071,Application Layer Protocol,Medium,"The current state is normal, but an attack is observed within the early-warning horizon.","Top model contributors: Avg_Duration_Change (toward_warning, SHAP=0.0283); Avg_Duration (toward_warning, SHAP=0.0036); Total_Source_Bytes (toward_warning, SHAP=0.0005).","ThreatCast generated a LOW model warning with probability 0.189. Prediction result: True Positive. Ground-truth status: Actual Early Warning. Observed progression: Early Warning. The next observed attack is 10 network state(s) away. Top model contributors: Avg_Duration_Change (toward_warning, SHAP=0.0283); Avg_Duration (toward_warning, SHAP=0.0036); Total_Source_Bytes (toward_warning, SHAP=0.0005)."
12,2011-08-19 10:38:13.757653,0.11011773,LOW,1,1,True Positive,Actual Early Warning,Early Warning,8.0,4.000200116666667,Avg_Duration,0.0095558461500331,toward_warning,Avg_Duration_Change,0.0092022114899009,toward_warning,Flow_Count,0.0021287116280291,toward_warning,Command and Control,T1071,Application Layer Protocol,Medium,"The current state is normal, but an attack is observed within the early-warning horizon.","Top model contributors: Avg_Duration (toward_warning, SHAP=0.0096); Avg_Duration_Change (toward_warning, SHAP=0.0092); Flow_Count (toward_warning, SHAP=0.0021).","ThreatCast generated a LOW model warning with probability 0.110. Prediction result: True Positive. Ground-truth status: Actual Early Warning. Observed progression: Early Warning. The next observed attack is 8 network state(s) away. Top model contributors: Avg_Duration (toward_warning, SHAP=0.0096); Avg_Duration_Change (toward_warning, SHAP=0.0092); Flow_Count (toward_warning, SHAP=0.0021)."
12,2011-08-19 10:38:43.813478,0.6002721,HIGH,1,1,True Positive,Actual Early Warning,Early Warning,7.0,3.4992697,Avg_Duration,0.0929609630256891,toward_warning,Avg_Duration_Change,0.0187148212455213,toward_warning,Flow_Count,0.0078503222903236,toward_warning,Command and Control,T1071,Application Layer Protocol,Medium,"The current state is normal, but an attack is observed within the early-warning horizon.","Top model contributors: Avg_Duration (toward_warning, SHAP=0.0930); Avg_Duration_Change (toward_warning, SHAP=0.0187); Flow_Count (toward_warning, SHAP=0.0079).","ThreatCast generated a HIGH model warning with probability 0.600. Prediction result: True Positive. Ground-truth status: Actual Early Warning. Observed progression: Early Warning. The next observed attack is 7 network state(s) away. Top model contributors: Avg_Duration (toward_warning, SHAP=0.0930); Avg_Duration_Change (toward_warning, SHAP=0.0187); Flow_Count (toward_warning, SHAP=0.0079)."
12,2011-08-19 10:39:13.786022,0.32767487,MEDIUM,1,1,True Positive,Actual Early Warning,Near-Term Early Warning,6.0,2.9997273000000004,Avg_Duration,0.0434671172872185,toward_warning,Avg_Duration_Change,0.0153392437205184,toward_warning,Flow_Count,0.0067042368667898,toward_warning,Command and Control,T1071,Application Layer Protocol,Medium,The network is approaching an attack state within the next few network states.,"Top model contributors: Avg_Duration (toward_warning, SHAP=0.0435); Avg_Duration_Change (toward_warning, SHAP=0.0153); Flow_Count (toward_warning, SHAP=0.0067).","ThreatCast generated a MEDIUM model warning with probability 0.328. Prediction result: True Positive. Ground-truth status: Actual Early Warning. Observed progression: Near-Term Early Warning. The next observed attack is 6 network state(s) away. Top model contributors: Avg_Duration (toward_warning, SHAP=0.0435); Avg_Duration_Change (toward_warning, SHAP=0.0153); Flow_Count (toward_warning, SHAP=0.0067)."
13,2011-08-15 17:13:40.449530,0.31293863,MEDIUM,1,1,True Positive,Actual Early Warning,Near-Term Early Warning,6.0,3.0000357166666665,Avg_Duration,0.0289098773151636,toward_warning,Flow_Count,0.0189946553204208,toward_warning,Avg_Packets_Per_Flow,0.0045332628651522,toward_warning,Command and Control,T1071,Application Layer Protocol,Medium,The network is approaching an attack state within the next few network states.,"Top model contributors: Avg_Duration (toward_warning, SHAP=0.0289); Flow_Count (toward_warning, SHAP=0.0190); Avg_Packets_Per_Flow (toward_warning, SHAP=0.0045).","ThreatCast generated a MEDIUM model warning with probability 0.313. Prediction result: True Positive. Ground-truth status: Actual Early Warning. Observed progression: Near-Term Early Warning. The next observed attack is 6 network state(s) away. Top model contributors: Avg_Duration (toward_warning, SHAP=0.0289); Flow_Count (toward_warning, SHAP=0.0190); Avg_Packets_Per_Flow (toward_warning, SHAP=0.0045)."
13,2011-08-15 17:14:10.507047,0.22495432,MEDIUM,1,1,True Positive,Actual Early Warning,Near-Term Early Warning,5.0,2.4990771,Avg_Duration,0.0256025975104421,toward_warning,Flow_Count,0.0126511538517661,toward_warning,Avg_Packets_Per_Flow,0.0078557831235229,toward_warning,Command and Control,T1071,Application Layer Protocol,Medium,The network is approaching an attack state within the next few network states.,"Top model contributors: Avg_Duration (toward_warning, SHAP=0.0256); Flow_Count (toward_warning, SHAP=0.0127); Avg_Packets_Per_Flow (toward_warning, SHAP=0.0079).","ThreatCast generated a MEDIUM model warning with probability 0.225. Prediction result: True Positive. Ground-truth status: Actual Early Warning. Observed progression: Near-Term Early Warning. The next observed attack is 5 network state(s) away. Top model contributors: Avg_Duration (toward_warning, SHAP=0.0256); Flow_Count (toward_warning, SHAP=0.0127); Avg_Packets_Per_Flow (toward_warning, SHAP=0.0079)."
13,2011-08-15 17:16:40.451673,0.1684408,LOW,1,0,False Positive,Actual Attack,Attack State,0.0,0.0,Avg_Duration_Change,-0.0058705443516373,away_from_warning,Avg_Duration,0.0025743558304384,toward_warning,Avg_Packets_Per_Flow,-0.000717464666377,away_from_warning,Command and Control,T1071,Application Layer Protocol,Medium,Attack-related network activity is currently observed in the CTU13 labels.,"Top model contributors: Avg_Duration_Change (away_from_warning, SHAP=-0.0059); Avg_Duration (toward_warning, SHAP=0.0026); Avg_Packets_Per_Flow (away_from_warning, SHAP=-0.0007).","ThreatCast generated a LOW model warning with probability 0.168. Prediction result: False Positive. Ground-truth status: Actual Attack. Observed progression: Attack State. The next observed attack is 0 network state(s) away. Top model contributors: Avg_Duration_Change (away_from_warning, SHAP=-0.0059); Avg_Duration (toward_warning, SHAP=0.0026); Avg_Packets_Per_Flow (away_from_warning, SHAP=-0.0007)."
13,2011-08-15 17:17:10.460206,0.41610387,MEDIUM,1,1,True Positive,Actual Early Warning,Near-Term Early Warning,3.0,1.5001482000000002,Avg_Duration,0.0651019599288702,toward_warning,Avg_Duration_Change,0.0127464046236127,toward_warning,Flow_Count,0.005600006703753,toward_warning,Command and Control,T1071,Application Layer Protocol,Medium,The network is approaching an attack state within the next few network states.,"Top model contributors: Avg_Duration (toward_warning, SHAP=0.0651); Avg_Duration_Change (toward_warning, SHAP=0.0127); Flow_Count (toward_warning, SHAP=0.0056).","ThreatCast generated a MEDIUM model warning with probability 0.416. Prediction result: True Positive. Ground-truth status: Actual Early Warning. Observed progression: Near-Term Early Warning. The next observed attack is 3 network state(s) away. Top model contributors: Avg_Duration (toward_warning, SHAP=0.0651); Avg_Duration_Change (toward_warning, SHAP=0.0127); Flow_Count (toward_warning, SHAP=0.0056)."
13,2011-08-15 17:17:40.460115,0.25501814,MEDIUM,1,1,True Positive,Actual Early Warning,Immediate Pre-Attack,2.0,1.0001497166666666,Avg_Duration,0.0405838161706924,toward_warning,Avg_Duration_Change,0.0013789080549031,toward_warning,Avg_Packets_Per_Flow,-0.0009633069275878,away_from_warning,Command and Control,T1071,Application Layer Protocol,Medium,The network is immediately before an observed attack state.,"Top model contributors: Avg_Duration (toward_warning, SHAP=0.0406); Avg_Duration_Change (toward_warning, SHAP=0.0014); Avg_Packets_Per_Flow (away_from_warning, SHAP=-0.0010).","ThreatCast generated a MEDIUM model warning with probability 0.255. Prediction result: True Positive. Ground-truth status: Actual Early Warning. Observed progression: Immediate Pre-Attack. The next observed attack is 2 network state(s) away. Top model contributors: Avg_Duration (toward_warning, SHAP=0.0406); Avg_Duration_Change (toward_warning, SHAP=0.0014); Avg_Packets_Per_Flow (away_from_warning, SHAP=-0.0010)."
13,2011-08-15 17:18:10.451490,0.14695863,LOW,1,1,True Positive,Actual Early Warning,Immediate Pre-Attack,1.0,0.5002934666666666,Avg_Duration,0.0216939604841172,toward_warning,Flow_Count,-0.0022352186468197,away_from_warning,Avg_Duration_Change,0.0009683009062428,toward_warning,Command and Control,T1071,Application Layer Protocol,Medium,The network is immediately before an observed attack state.,"Top model contributors: Avg_Duration (toward_warning, SHAP=0.0217); Flow_Count (away_from_warning, SHAP=-0.0022); Avg_Duration_Change (toward_warning, SHAP=0.0010).","ThreatCast generated a LOW model warning with probability 0.147. Prediction result: True Positive. Ground-truth status: Actual Early Warning. Observed progression: Immediate Pre-Attack. The next observed attack is 1 network state(s) away. Top model contributors: Avg_Duration (toward_warning, SHAP=0.0217); Flow_Count (away_from_warning, SHAP=-0.0022); Avg_Duration_Change (toward_warning, SHAP=0.0010)."
13,2011-08-15 17:19:10.491257,0.17307341,LOW,1,1,True Positive,Actual Early Warning,Immediate Pre-Attack,1.0,0.49976535,Avg_Duration,0.0220343779074028,toward_warning,Flow_Count,-0.0050085196271538,away_from_warning,Avg_Duration_Change,-0.0035282671917229,away_from_warning,Command and Control,T1071,Application Layer Protocol,Medium,The network is immediately before an observed attack state.,"Top model contributors: Avg_Duration (toward_warning, SHAP=0.0220); Flow_Count (away_from_warning, SHAP=-0.0050); Avg_Duration_Change (away_from_warning, SHAP=-0.0035).","ThreatCast generated a LOW model warning with probability 0.173. Prediction result: True Positive. Ground-truth status: Actual Early Warning. Observed progression: Immediate Pre-Attack. The next observed attack is 1 network state(s) away. Top model contributors: Avg_Duration (toward_warning, SHAP=0.0220); Flow_Count (away_from_warning, SHAP=-0.0050); Avg_Duration_Change (away_from_warning, SHAP=-0.0035)."
13,2011-08-15 18:15:40.484278,0.22928481,MEDIUM,1,0,False Positive,Actual Attack,Attack State,0.0,0.0,Avg_Duration,0.0379729640160803,toward_warning,Avg_Duration_Change,0.0178713761735707,toward_warning,Avg_Packets_Per_Flow,0.0074960444915632,toward_warning,Command and Control,T1071,Application Layer Protocol,Medium,Attack-related network activity is currently observed in the CTU13 labels.,"Top model contributors: Avg_Duration (toward_warning, SHAP=0.0380); Avg_Duration_Change (toward_warning, SHAP=0.0179); Avg_Packets_Per_Flow (toward_warning, SHAP=0.0075).","ThreatCast generated a MEDIUM model warning with probability 0.229. Prediction result: False Positive. Ground-truth status: Actual Attack. Observed progression: Attack State. The next observed attack is 0 network state(s) away. Top model contributors: Avg_Duration (toward_warning, SHAP=0.0380); Avg_Duration_Change (toward_warning, SHAP=0.0179); Avg_Packets_Per_Flow (toward_warning, SHAP=0.0075)."
