Timestamp,Flow_Count,Total_Packets,Total_Bytes,Total_Source_Bytes,Avg_Duration,Attack_Flow_Count,Avg_Packets_Per_Flow,Avg_Bytes_Per_Flow,Attack_State,Unique_Source_Hosts,Unique_Destination_Hosts,Unique_Communication_Pairs,Unique_Source_Ports,Unique_Destination_Ports,UDP_Ratio,TCP_Ratio,ICMP_Ratio,Unique_Connection_States,Unique_Directions,External_Destination_Flow_Count,Destination_Diversity,Source_Diversity,Communication_Density,Flow_Count_Change,Total_Packets_Change,Total_Bytes_Change,Total_Source_Bytes_Change,Avg_Duration_Change,Avg_Packets_Per_Flow_Change,Avg_Bytes_Per_Flow_Change,Unique_Source_Hosts_Change,Unique_Destination_Hosts_Change,Unique_Communication_Pairs_Change,Unique_Source_Ports_Change,Unique_Destination_Ports_Change,UDP_Ratio_Change,TCP_Ratio_Change,ICMP_Ratio_Change,Unique_Connection_States_Change,Unique_Directions_Change,External_Destination_Flow_Count_Change,Destination_Diversity_Change,Source_Diversity_Change,Communication_Density_Change,Target_Early_Warning
2011-08-19 10:02:43.748728,1,3,435,290,3063.798096,0,3.0,435.0,0,1,1,1,1,1,1.0,0.0,0.0,1,1,0,1.0,1.0,1.0,0.0,0.0,0.0,0.0,0.0,0.0,0.0,0.0,0.0,0.0,0.0,0.0,0.0,0.0,0.0,0.0,0.0,0.0,0.0,0.0,0.0,0
2011-08-19 10:10:35.615858,1,3,433,290,2408.900391,0,3.0,433.0,0,1,1,1,1,1,1.0,0.0,0.0,1,1,0,1.0,1.0,1.0,0.0,0.0,-2.0,0.0,-654.8977049999999,0.0,-2.0,0.0,0.0,0.0,0.0,0.0,0.0,0.0,0.0,0.0,0.0,0.0,0.0,0.0,0.0,0
2011-08-19 10:16:33.807982,1,2,290,145,1981.947021,0,2.0,290.0,0,1,1,1,1,1,1.0,0.0,0.0,1,1,0,1.0,1.0,1.0,0.0,-1.0,-143.0,-145.0,-426.9533700000002,-1.0,-143.0,0.0,0.0,0.0,0.0,0.0,0.0,0.0,0.0,0.0,0.0,0.0,0.0,0.0,0.0,0
2011-08-19 10:26:31.883066,1,2,290,145,1559.903076,0,2.0,290.0,0,1,1,1,1,1,1.0,0.0,0.0,1,1,0,1.0,1.0,1.0,0.0,0.0,0.0,0.0,-422.0439449999999,0.0,0.0,0.0,0.0,0.0,0.0,0.0,0.0,0.0,0.0,0.0,0.0,0.0,0.0,0.0,0.0,0
2011-08-19 10:26:56.132358,1,2,290,145,1848.048584,0,2.0,290.0,0,1,1,1,1,1,1.0,0.0,0.0,1,1,0,1.0,1.0,1.0,0.0,0.0,0.0,0.0,288.14550799999984,0.0,0.0,0.0,0.0,0.0,0.0,0.0,0.0,0.0,0.0,0.0,0.0,0.0,0.0,0.0,0.0,0
2011-08-19 10:32:11.292538,398,3128323,1723899518,681165037,1302.6531876884424,0,7860.108040201005,4331405.824120603,0,215,161,322,290,153,0.48743718592964824,0.4723618090452261,0.02763819095477387,39,6,137,0.4045226130653266,0.5402010050251256,0.8090452261306532,397.0,3128321.0,1723899228.0,681164892.0,-545.3953963115575,7858.108040201005,4331115.824120603,214.0,160.0,321.0,289.0,152.0,-0.5125628140703518,0.4723618090452261,0.02763819095477387,38.0,5.0,137.0,-0.5954773869346734,-0.4597989949748744,-0.19095477386934678,0
2011-08-19 10:32:13.751934,3716,442117,197088459,40916604,1044.9217270091497,0,118.97658772874058,53037.79843918192,0,1192,1011,2210,2771,848,0.6054897739504844,0.36921420882669537,0.02045209903121636,69,6,1416,0.27206673842841766,0.3207750269106566,0.5947255113024758,3318.0,-2686206.0,-1526811059.0,-640248433.0,-257.7314606792927,-7741.131452472264,-4278368.02568142,977.0,850.0,1888.0,2481.0,695.0,0.11805258802083618,-0.10314760021853076,-0.00718609192355751,30.0,0.0,1279.0,-0.13245587463690894,-0.21942597811446896,-0.21431971482817747,0
2011-08-19 10:32:43.750293,2960,307199,175342328,115742374,910.2059036003378,0,103.78344594594594,59237.272972972976,0,987,713,1658,2346,528,0.6094594594594595,0.3587837837837838,0.026351351351351353,65,6,1135,0.2408783783783784,0.33344594594594595,0.5601351351351351,-756.0,-134918.0,-21746131.0,74825770.0,-134.71582340881184,-15.19314178279464,6199.474533791057,-205.0,-298.0,-552.0,-425.0,-320.0,0.003969685508975029,-0.010430425042911584,0.005899252320134992,-4.0,0.0,-281.0,-0.031188360050039277,0.01267091903528933,-0.03459037616734062,0
2011-08-19 10:33:13.757874,2923,545584,381028926,162669696,688.2408265641465,0,186.6520697913103,130355.43140608963,0,886,628,1445,2395,463,0.7047553882996921,0.2641122134793021,0.026342798494697228,56,5,871,0.21484775915155663,0.3031132398221006,0.4943551146082792,-37.0,238385.0,205686598.0,46927322.0,-221.96507703619136,82.86862384536437,71118.15843311665,-101.0,-85.0,-213.0,49.0,-65.0,0.09529592884023264,-0.0946715703044817,-8.552856654124585e-06,-9.0,-1.0,-264.0,-0.02603061922682176,-0.030332706123845365,-0.06578002052685594,0
2011-08-19 10:33:43.755079,2736,150667,115853223,14676479,662.1576518790205,0,55.068347953216374,42344.01425438596,0,767,654,1376,2155,407,0.7576754385964912,0.21235380116959066,0.0222953216374269,50,6,816,0.23903508771929824,0.2803362573099415,0.5029239766081871,-187.0,-394917.0,-265175703.0,-147993217.0,-26.083174685125982,-131.58372183809394,-88011.41715170367,-119.0,26.0,-69.0,-240.0,-56.0,0.05292005029679914,-0.05175841230971143,-0.004047476857270329,-6.0,1.0,-55.0,0.02418732856774161,-0.022776982512159094,0.008568861999907917,0
2011-08-19 10:34:13.771471,2763,58358,29027876,21085246,593.1355845588129,0,21.121245023525155,10505.926891060442,0,738,675,1362,2146,527,0.7788635541078538,0.18783930510314875,0.024610930148389432,44,6,870,0.24429967426710097,0.2671009771986971,0.49294245385450597,27.0,-92309.0,-86825347.0,6408767.0,-69.02206732020761,-33.94710292969122,-31838.087363325518,-29.0,21.0,-14.0,-9.0,120.0,0.02118811551136257,-0.024514496066441904,0.002315608510962533,-6.0,0.0,54.0,0.005264586547802735,-0.013235280111244418,-0.009981522753681138,0
2011-08-19 10:34:43.758407,2936,36420,14924386,2594247,520.9714210885559,0,12.404632152588556,5083.237738419619,0,765,559,1298,2441,414,0.7026566757493188,0.26907356948228883,0.02316076294277929,48,6,1018,0.1903950953678474,0.260558583106267,0.4420980926430518,173.0,-21938.0,-14103490.0,-18490999.0,-72.164163470257,-8.716612870936599,-5422.6891526408235,27.0,-116.0,-64.0,295.0,-113.0,-0.07620687835853501,0.08123426437914008,-0.0014501672056101422,4.0,0.0,148.0,-0.05390457889925357,-0.0065423940924300705,-0.05084436121145419,0
2011-08-19 10:35:13.754149,2461,85454,28638023,3794423,705.1241007135311,0,34.72328321820398,11636.742381145876,0,756,809,1500,1717,693,0.7626980902072328,0.19382364892320195,0.0321007720438846,41,6,1000,0.32872815928484356,0.3071921982933767,0.609508329947176,-475.0,49034.0,13713637.0,1200176.0,184.15267962497524,22.318651065615427,6553.504642726257,-9.0,250.0,202.0,-724.0,279.0,0.060041414457914,-0.07524992055908689,0.008940009101105307,-7.0,0.0,-18.0,0.13833306391699615,0.04663361518710968,0.1674102373041242,0
2011-08-19 10:35:43.752517,2556,45070,24471412,6928725,973.5951912010954,0,17.63302034428795,9574.104851330203,0,727,758,1440,1678,811,0.7902973395931142,0.17644757433489827,0.025821596244131457,42,6,908,0.2965571205007825,0.28442879499217527,0.5633802816901409,95.0,-40384.0,-4166611.0,3134302.0,268.4710904875643,-17.090262873916032,-2062.6375298156727,-29.0,-51.0,-60.0,-39.0,118.0,0.02759924938588143,-0.017376074588303675,-0.00627917579975314,1.0,0.0,-92.0,-0.03217103878406108,-0.022763403301201413,-0.04612804825703509,0
2011-08-19 10:36:13.765325,2810,53222,32939374,5361923,534.151567002847,0,18.94021352313167,11722.19715302491,0,746,812,1506,2091,567,0.7430604982206406,0.22562277580071174,0.028113879003558717,41,6,1105,0.2889679715302491,0.26548042704626335,0.5359430604982206,254.0,8152.0,8467962.0,-1566802.0,-439.4436241982485,1.3071931788437219,2148.092301694707,19.0,54.0,66.0,413.0,-244.0,-0.04723684137247364,0.04917520146581347,0.0022922827594272603,-1.0,0.0,197.0,-0.007589148970533366,-0.018948367945911926,-0.02743722119192027,0
2011-08-19 10:36:43.811535,2154,34302,19086709,2722573,712.2647731165273,0,15.924791086350975,8861.05338904364,0,702,562,1199,1701,412,0.7632311977715878,0.20241411327762301,0.031104921077065924,37,6,686,0.26090993500464255,0.32590529247910865,0.5566388115134633,-656.0,-18920.0,-13852665.0,-2639350.0,178.11320611368035,-3.015422436780696,-2861.1437639812702,-44.0,-250.0,-307.0,-390.0,-155.0,0.02017069955094719,-0.02320866252308873,0.0029910420735072066,-4.0,0.0,-419.0,-0.028058036525606567,0.06042486543284531,0.02069575101524268,0
2011-08-19 10:37:13.765243,2404,136552,127452182,3994387,540.4372897188019,0,56.80199667221298,53016.714642262894,0,693,612,1269,1914,380,0.757071547420965,0.21381031613976706,0.026622296173044926,37,5,841,0.2545757071547421,0.2882695507487521,0.5278702163061564,250.0,102250.0,108365473.0,1271814.0,-171.82748339772536,40.877205585862,44155.66125321925,-9.0,50.0,70.0,213.0,-32.0,-0.006159650350622714,0.011396202862144045,-0.004482624904020998,0.0,-1.0,155.0,-0.006334227849900453,-0.03763574173035655,-0.028768595207306902,1
2011-08-19 10:37:43.780071,2402,44224,28303358,4655413,597.629431989592,0,18.411323896752705,11783.246461282264,0,705,715,1356,1831,572,0.7864279766860949,0.18692756036636138,0.02289758534554538,49,6,862,0.29766860949208995,0.2935054121565362,0.5645295587010825,-2.0,-92328.0,-99148824.0,661026.0,57.1921422707901,-38.390672775460274,-41233.46818098063,12.0,103.0,87.0,-83.0,192.0,0.029356429265129824,-0.02688275577340568,-0.003724710827499547,12.0,1.0,21.0,0.04309290233734786,0.005235861407784093,0.036659342394926075,1
2011-08-19 10:38:13.757653,3009,35543,15145678,4442488,471.3903745706215,0,11.812229976736457,5033.458956463942,0,692,589,1242,2495,444,0.7477567298105683,0.22033898305084745,0.030574941841143236,38,6,951,0.19574609504818877,0.22997673645729477,0.4127617148554337,607.0,-8681.0,-13157680.0,-212925.0,-126.23905741897056,-6.599093920016248,-6749.787504818322,-13.0,-126.0,-114.0,664.0,-128.0,-0.03867124687552659,0.033411422684486075,0.007677356495597858,-11.0,0.0,89.0,-0.10192251444390119,-0.06352867569924142,-0.15176784384564873,1
2011-08-19 10:38:43.813478,2206,98908,18445256,7644556,593.4864293608341,0,44.83590208522212,8361.403445149592,0,718,598,1253,1731,450,0.7606527651858568,0.20398912058023572,0.03218495013599275,33,6,808,0.27107887579329104,0.3254759746146872,0.5679963735267453,-803.0,63365.0,3299578.0,3202068.0,122.09605479021263,33.02367210848567,3327.94448868565,26.0,9.0,11.0,-764.0,6.0,0.012896035375288495,-0.016349862470611737,0.0016100082948495124,-5.0,0.0,-143.0,0.07533278074510227,0.09549923815739242,0.15523465867131153,1
2011-08-19 10:39:13.786022,2181,45310,25631011,2679272,594.7754671930307,0,20.774873911049976,11751.953690967446,0,678,572,1202,1655,474,0.7913801008711601,0.17010545621274645,0.03530490600641907,37,5,705,0.26226501604768454,0.3108665749656121,0.5511233379183861,-25.0,-53598.0,7185755.0,-4965284.0,1.289037832196641,-24.061028174172147,3390.5502458178544,-40.0,-26.0,-51.0,-76.0,24.0,0.03072733568530328,-0.03388366436748927,0.003119955870426322,4.0,-1.0,-103.0,-0.0088138597456065,-0.014609399649075094,-0.016873035608359177,1
2011-08-19 10:39:43.773477,2927,41714,23068536,2967846,490.88353109600274,0,14.251451998633414,7881.290058079945,0,712,636,1306,2371,487,0.7365903655620089,0.23471130850700375,0.02767338571916638,38,6,1000,0.21728732490604716,0.24325247693884525,0.4461906388793987,746.0,-3596.0,-2562475.0,288574.0,-103.89193609702801,-6.523421912416563,-3870.663632887501,34.0,64.0,104.0,716.0,13.0,-0.05478973530915121,0.0646058522942573,-0.00763152028725269,1.0,1.0,295.0,-0.04497769114163738,-0.06761409802676685,-0.10493269903898739,1
2011-08-19 10:40:13.778612,2960,198979,183691891,12099578,413.59903016216214,0,67.22263513513514,62058.071283783785,0,720,560,1257,2474,410,0.7533783783783784,0.22432432432432434,0.020945945945945947,38,5,939,0.1891891891891892,0.24324324324324326,0.4246621621621622,33.0,157265.0,160623355.0,9131732.0,-77.2845009338406,52.97118313650172,54176.78122570384,8.0,-76.0,-49.0,103.0,-77.0,0.016788012816369546,-0.010386984182679415,-0.006727439773220434,0.0,-1.0,-61.0,-0.028098135716857958,-9.233695601990055e-06,-0.02152847671723651,1
2011-08-19 10:40:43.781416,2819,103829,65137038,5491297,489.68469142532814,0,36.83185526782547,23106.43419652359,0,711,718,1378,2202,535,0.7445902802412203,0.22880454061724015,0.024122029088329194,40,6,1043,0.2547002483150053,0.25221709826179495,0.48882582476055336,-141.0,-95150.0,-118554853.0,-6608281.0,76.085661263166,-30.390779867309668,-38951.6370872602,-9.0,158.0,121.0,-272.0,125.0,-0.008788098137158085,0.004480216292915812,0.0031760831423832472,2.0,1.0,104.0,0.06551105912581612,0.00897385501855169,0.06416366259839118,1
2011-08-19 10:41:13.748841,2931,54167,29985798,13266296,415.4175535499829,0,18.48072330262709,10230.569089048107,0,675,542,1192,2488,383,0.7202320027294439,0.260661890139884,0.016035482770385533,31,5,950,0.18491982258614809,0.23029682702149437,0.40668713749573526,112.0,-49662.0,-35151240.0,7774999.0,-74.26713787534521,-18.351131965198377,-12875.865107475483,-36.0,-176.0,-186.0,286.0,-152.0,-0.02435827751177644,0.03185734952264385,-0.008086546317943661,-9.0,-1.0,-93.0,-0.06978042572885723,-0.021920271240300576,-0.0821386872648181,1
2011-08-19 10:41:43.776435,2453,26619,12561667,1934284,471.21317821932325,0,10.851610273134936,5120.94048104362,0,696,551,1208,2003,427,0.7403179779861394,0.22869955156950672,0.028944150020383204,39,6,821,0.22462291072156543,0.2837342030167142,0.4924582144313086,-478.0,-27548.0,-17424131.0,-11332012.0,55.79562466934033,-7.629113029492155,-5109.628608004487,21.0,9.0,16.0,-485.0,44.0,0.020085975256695532,-0.03196233857037728,0.01290866724999767,8.0,1.0,-129.0,0.03970308813541734,0.05343737599521983,0.08577107693557334,1
2011-08-19 10:42:13.769660,2164,33538,18084674,10579566,490.4939944681146,12,15.49815157116451,8357.058225508317,1,656,521,1115,1743,406,0.7804990757855823,0.19316081330868762,0.024491682070240297,37,4,689,0.24075785582255083,0.3031423290203327,0.5152495378927912,-289.0,6919.0,5523007.0,8645282.0,19.280816248791325,4.6465412980295735,3236.1177444646974,-40.0,-30.0,-93.0,-260.0,-21.0,0.0401810977994429,-0.0355387382608191,-0.004452467950142907,-2.0,-2.0,-132.0,0.0161349451009854,0.01940812600361852,0.02279132346148255,0
2011-08-19 10:42:43.785546,2283,85254,54345505,3164275,413.7836341226456,24,37.34296977660972,23804.426193604904,1,601,592,1153,1806,376,0.7498904949627683,0.22295225580376699,0.025405168637757335,35,4,825,0.25930792816469556,0.26325010950503724,0.5050372317126588,119.0,51716.0,36260831.0,-7415291.0,-76.71036034546898,21.84481820544521,15447.367968096587,-55.0,71.0,38.0,63.0,-30.0,-0.030608580822814035,0.029791442495079368,0.0009134865675170384,-2.0,0.0,136.0,0.01855007234214473,-0.03989221951529548,-0.010212306180132358,0
2011-08-19 10:43:13.761166,2336,31296,18560684,2100397,465.76825851926367,97,13.397260273972602,7945.498287671233,1,637,615,1197,1852,438,0.714041095890411,0.2615582191780822,0.023116438356164382,30,4,921,0.2632705479452055,0.2726883561643836,0.5124143835616438,53.0,-53958.0,-35784821.0,-1063878.0,51.984624396618074,-23.94570950263712,-15858.927905933671,36.0,23.0,44.0,46.0,62.0,-0.03584939907235729,0.03860596337431521,-0.002288730281592953,-5.0,0.0,96.0,0.003962619780509935,0.009438246659346339,0.00737715184898502,0
2011-08-19 10:43:43.804274,2467,55428,38495748,2789883,396.0955102922578,18,22.46777462505067,15604.27563842724,1,566,642,1166,1895,509,0.7470612079448723,0.21970004053506284,0.030806647750304013,32,5,917,0.2602351033644102,0.2294284556141062,0.4726388325901905,131.0,24132.0,19935064.0,689486.0,-69.67274822700585,9.070514351078067,7658.777350756007,-71.0,27.0,-31.0,43.0,71.0,0.033020112054461315,-0.041858178643019356,0.007690209394139631,2.0,1.0,-4.0,-0.003035444580795299,-0.04325990055027737,-0.0397755509714533,0
2011-08-19 10:44:13.753800,3067,58350,38491104,5455686,311.3436700238018,262,19.025105966742746,12550.0828170851,1,617,837,1402,2312,612,0.7502445386371046,0.2213889794587545,0.026084121291164004,33,5,1225,0.2729051190088034,0.20117378545810238,0.45712422562764915,600.0,2922.0,-4644.0,2665803.0,-84.75184026845602,-3.442668658307923,-3054.1928213421397,51.0,195.0,236.0,417.0,103.0,0.0031833306922323112,0.0016889389236916519,-0.0047225264591400085,1.0,0.0,308.0,0.012670015644393184,-0.02825467015600383,-0.015514606962541366,0
2011-08-19 10:44:43.753530,2292,21026,11092232,1404587,436.05154257678885,87,9.173647469458988,4839.542757417103,1,600,785,1326,1550,631,0.8075916230366492,0.15488656195462477,0.03534031413612566,36,5,895,0.3424956369982548,0.2617801047120419,0.5785340314136126,-775.0,-37324.0,-27398872.0,-4051099.0,124.70787255298706,-9.851458497283758,-7710.540059667997,-17.0,-52.0,-76.0,-762.0,19.0,0.05734708439954461,-0.06650241750412972,0.009256192844961653,3.0,0.0,-330.0,0.06959051798945143,0.0606063192539395,0.12140980578596344,0
2011-08-19 10:45:13.770537,2844,63655,44367122,4776830,349.17246873663856,68,22.382208157524612,15600.253867791842,1,616,717,1301,2172,546,0.7422644163150492,0.21483825597749648,0.04149085794655415,34,5,1068,0.2521097046413502,0.21659634317862167,0.45745428973277075,552.0,42629.0,33274890.0,3372243.0,-86.87907384015028,13.208560688065624,10760.71111037474,16.0,-68.0,-25.0,622.0,-85.0,-0.06532720672159997,0.059951694022871704,0.00615054381042849,-2.0,0.0,173.0,-0.09038593235690462,-0.045183761533420214,-0.12107974168084185,0
2011-08-19 10:45:43.798005,2521,41721,27118571,2389879,322.61642856525185,7,16.549385164617217,10757.069020230067,1,605,496,1075,2119,343,0.7409758032526775,0.2368107893692979,0.021420071400238,32,3,761,0.19674732249107496,0.23998413328044427,0.4264180880602935,-323.0,-21934.0,-17248551.0,-2386951.0,-26.556040171386712,-5.832822992907396,-4843.184847561775,-11.0,-221.0,-226.0,-53.0,-203.0,-0.001288613062371713,0.021972533391801413,-0.020070786546316145,-2.0,-2.0,-307.0,-0.055362382150275224,0.023387790101822598,-0.031036201672477226,0
2011-08-19 10:46:13.823679,2026,48472,35316748,2322702,365.84121545952615,9,23.92497532082922,17431.76110562685,1,599,439,979,1681,274,0.7729516288252715,0.19842053307008883,0.02566633761105627,34,5,551,0.21668311944718657,0.2956564659427443,0.48321816386969396,-495.0,6751.0,8198177.0,-67177.0,43.2247868942743,7.375590156212002,6674.692085396784,-6.0,-57.0,-96.0,-438.0,-69.0,0.03197582557259393,-0.03839025629920906,0.004246266210818268,2.0,2.0,-210.0,0.019935796956111612,0.05567233266230004,0.05680007580940044,0
2011-08-19 10:46:43.755507,2246,15786,5382498,1390124,341.5832090271594,4,7.028495102404274,2396.481745325022,1,604,515,1078,1809,372,0.7831700801424755,0.18432769367764915,0.02983081032947462,34,5,659,0.22929652715939447,0.26892252894033836,0.47996438112199463,220.0,-32686.0,-29934250.0,-932578.0,-24.258006432366756,-16.896480218424944,-15035.279360301829,5.0,76.0,99.0,128.0,98.0,0.010218451317204003,-0.014092839392439688,0.0041644727184183515,0.0,0.0,108.0,0.012613407712207897,-0.02673393700240595,-0.0032537827476993297,0
2011-08-19 10:47:13.802645,2063,52519,26315685,2798407,362.1849966398449,11,25.45758603974794,12756.027629665536,1,559,471,992,1696,316,0.7590887057682986,0.20794958797867183,0.031022782355792537,33,5,630,0.22830828889966068,0.27096461463887545,0.4808531265147843,-183.0,36733.0,20933187.0,1408283.0,20.601787612685484,18.429090937343666,10359.545884340514,-45.0,-44.0,-86.0,-113.0,-56.0,-0.0240813743741769,0.023621894301022683,0.001191972026317916,-1.0,0.0,-29.0,-0.0009882382597337924,0.0020420856985370883,0.0008887453927896583,0
2011-08-19 10:47:43.751426,2406,116689,90848142,5300286,368.45347695220283,39,48.499168744804656,37758.995012468826,1,592,483,1046,2031,311,0.7240232751454697,0.2581047381546135,0.014546965918536992,36,5,778,0.20074812967581046,0.2460515378221114,0.43474646716541976,343.0,64170.0,64532457.0,2501879.0,6.268480312357951,23.041582705056715,25002.96738280329,33.0,12.0,54.0,335.0,-5.0,-0.03506543062282885,0.05015515017594166,-0.016475816437255545,3.0,0.0,148.0,-0.027560159223850217,-0.02491307681676405,-0.04610665934936453,0
2011-08-19 10:48:13.793257,2652,106787,84251273,5959930,347.1555047386878,102,40.26659125188537,31768.956636500756,1,617,651,1243,2094,436,0.7096530920060332,0.2654600301659125,0.020739064856711915,46,6,1032,0.24547511312217193,0.23265460030165913,0.4687028657616893,246.0,-9902.0,-6596869.0,659644.0,-21.297972213515038,-8.232577492919283,-5990.03837596807,25.0,168.0,197.0,63.0,125.0,-0.014370183139436499,0.0073552920112990305,0.006192098938174923,10.0,1.0,254.0,0.044726983446361473,-0.013396937520452262,0.03395639859626953,0
2011-08-19 10:48:43.749479,2334,31585,14568035,3128167,345.4279849061697,269,13.532562125107113,6241.660239931448,1,598,755,1297,1659,537,0.7630676949443016,0.20179948586118251,0.032562125107112254,36,5,896,0.3234790059982862,0.25621251071122536,0.5556983718937446,-318.0,-75202.0,-69683238.0,-2831763.0,-1.7275198325181123,-26.73402912677826,-25527.29639656931,-19.0,104.0,54.0,-435.0,101.0,0.053414602938268385,-0.06366054430473,0.01182306025040034,-10.0,-1.0,-136.0,0.07800389287611428,0.02355791040956623,0.08699550613205531,0
2011-08-19 10:49:13.764933,2203,60272,23082708,4552866,328.8280826654562,76,27.35905583295506,10477.852019972765,1,552,490,995,1723,372,0.7716749886518384,0.18974126191556967,0.03313663186563777,31,5,651,0.2224239673172946,0.2505674080798911,0.4516568315932819,-131.0,28687.0,8514673.0,1424699.0,-16.599902240713504,13.826493707847948,4236.191780041317,-46.0,-265.0,-302.0,64.0,-165.0,0.008607293707536767,-0.012058223945612845,0.0005745067585255156,-5.0,0.0,-245.0,-0.10105503868099161,-0.005645102631334276,-0.1040415403004627,0
2011-08-19 10:49:43.762922,2311,441086,404289383,11068055,453.3812248195586,27,190.86369536996972,174941.3167459974,1,619,594,1166,1740,474,0.7966248377325833,0.1735179575941151,0.023366508005192556,36,6,717,0.2570315880571181,0.2678494158372999,0.5045434876676763,108.0,380814.0,381206675.0,6515189.0,124.55314215410243,163.50463953701467,164463.46472602466,67.0,104.0,171.0,17.0,102.0,0.024949849080744935,-0.01622330432145458,-0.009770123860445214,5.0,1.0,66.0,0.034607620739823514,0.01728200775740879,0.05288665607439441,0
2011-08-19 10:50:13.792592,1894,26497,17370860,3641695,334.97235804487855,6,13.989968321013727,9171.520591341077,1,594,364,897,1630,232,0.7877507919746568,0.17740232312565998,0.030623020063357972,33,5,467,0.1921858500527983,0.3136219640971489,0.47360084477296727,-417.0,-414589.0,-386918523.0,-7426360.0,-118.40886677468006,-176.873727048956,-165769.79615465633,-25.0,-230.0,-269.0,-110.0,-242.0,-0.008874045757926496,0.003884365531544892,0.007256512058165417,-3.0,-1.0,-250.0,-0.06484573800431981,0.045772548259849,-0.03094264289470905,0
2011-08-19 10:50:43.803705,2319,31653,16443056,2794747,345.4892486748598,75,13.649417852522639,7090.580422595946,1,574,576,1098,1830,406,0.6998706338939198,0.2742561448900388,0.02328589909443726,35,4,921,0.24838292367399742,0.24752048296679605,0.47347994825355755,425.0,5156.0,-927804.0,-846948.0,10.516890629981276,-0.34055046849108805,-2080.940168745131,-20.0,212.0,201.0,200.0,174.0,-0.08788015808073701,0.09685382176437882,-0.0073371209689207136,2.0,-1.0,454.0,0.056197073621199106,-0.06610148113035283,-0.0001208965194097189,0
2011-08-19 10:51:13.749562,2533,54132,41973951,2751535,262.6468296020529,48,21.370706671930517,16570.845242795105,1,581,682,1216,1916,523,0.7268061587050928,0.2348993288590604,0.03197789182787209,38,6,950,0.269245953414923,0.22937228582708252,0.48006316620607975,214.0,22479.0,25530895.0,-43212.0,-82.84241907280693,7.721288819407878,9480.264820199158,7.0,106.0,118.0,86.0,117.0,0.026935524811173006,-0.0393568160309784,0.008691992733434833,3.0,2.0,29.0,0.020863029740925604,-0.018148197139713523,0.006583217952522202,0
2011-08-19 10:51:43.778648,1737,15408,7467379,998449,320.04484052964887,7,8.870466321243523,4299.009211283823,1,593,414,958,1376,308,0.8048359240069085,0.153713298791019,0.03742084052964882,29,5,462,0.23834196891191708,0.3413932066781808,0.5515256188831318,-796.0,-38724.0,-34506572.0,-1753086.0,57.398010927595976,-12.500240350686994,-12271.836031511282,12.0,-268.0,-258.0,-540.0,-215.0,0.07802976530181571,-0.0811860300680414,0.00544294870177673,-9.0,-1.0,-488.0,-0.030903984503005938,0.11202092085109827,0.07146245267705204,0
2011-08-19 10:52:13.766347,2414,32046,20482293,1690334,270.3761998769677,221,13.27506213753107,8484.79411764706,1,613,723,1289,1751,506,0.7634631317315659,0.19552609776304888,0.037696768848384424,34,5,918,0.2995028997514499,0.2539353769676885,0.5339685169842585,677.0,16638.0,13014914.0,691885.0,-49.66864065268118,4.4045958162875465,4185.784906363237,20.0,309.0,331.0,375.0,198.0,-0.04137279227534263,0.041812798972029885,0.0002759283187356021,5.0,0.0,456.0,0.06116093083953281,-0.08745782971049232,-0.017557101898873273,0
2011-08-19 10:52:43.765180,1840,66144,50423287,2764990,413.60113031793475,56,35.947826086956525,27403.960326086955,1,583,520,1046,1418,393,0.8103260869565218,0.1592391304347826,0.029347826086956522,31,4,568,0.2826086956521739,0.3168478260869565,0.5684782608695652,-574.0,34098.0,29940994.0,1074656.0,143.22493044096706,22.672763949425455,18919.166208439896,-30.0,-203.0,-243.0,-333.0,-113.0,0.04686295522495587,-0.03628696732826628,-0.008348942761427901,-3.0,-1.0,-350.0,-0.016894204099276,0.06291244911926802,0.0345097438853067,0
2011-08-19 10:53:13.753505,2024,34515,23468662,3947279,348.36647645108695,3,17.052865612648223,11595.188735177866,1,575,537,1058,1567,402,0.7766798418972332,0.1857707509881423,0.03409090909090909,33,5,608,0.26531620553359686,0.2840909090909091,0.5227272727272727,184.0,-31629.0,-26954625.0,1182289.0,-65.2346538668478,-18.894960474308302,-15808.77159090909,-8.0,17.0,12.0,149.0,9.0,-0.03364624505928859,0.026531620553359697,0.004743083003952566,2.0,1.0,40.0,-0.01729249011857703,-0.03275691699604738,-0.045750988142292504,0
2011-08-19 10:53:43.773664,1821,32340,25928741,1232806,327.50533945414605,5,17.759472817133442,14238.73750686436,1,567,431,945,1492,316,0.8083470620538166,0.1614497528830313,0.026908292147171883,32,6,475,0.23668314113124655,0.3113673805601318,0.5189456342668863,-203.0,-2175.0,2460079.0,-2714473.0,-20.8611369969409,0.7066072044852199,2643.5487716864936,-8.0,-106.0,-113.0,-75.0,-86.0,0.03166722015658341,-0.024320998105111014,-0.007182616943737206,-1.0,1.0,-133.0,-0.028633064402350306,0.027276471469222685,-0.0037816384603863717,0
2011-08-19 10:54:13.773702,2133,27976,18852357,1765592,227.42898654571027,0,13.115799343647446,8838.423347398031,0,594,475,1011,1691,350,0.7979371776840132,0.1706516643225504,0.029067041725269572,35,5,544,0.2226910454758556,0.27848101265822783,0.4739803094233474,312.0,-4364.0,-7076384.0,532786.0,-100.07635290843578,-4.643673473485997,-5400.314159466328,27.0,44.0,66.0,199.0,34.0,-0.01040988436980339,0.009201911439519123,0.0021587495780976892,3.0,-1.0,69.0,-0.013992095655390946,-0.03288636790190397,-0.044965324843538934,1
2011-08-19 10:54:43.758667,1924,21228,11356390,1237129,242.6354910680873,3,11.033264033264032,5902.489604989605,1,589,415,965,1568,313,0.803014553014553,0.16787941787941787,0.028066528066528068,34,6,494,0.2156964656964657,0.30613305613305614,0.5015592515592515,-209.0,-6748.0,-7495967.0,-528463.0,15.206504522377031,-2.082535310383413,-2935.933742408426,-5.0,-60.0,-46.0,-123.0,-37.0,0.005077375330539868,-0.0027722464431325367,-0.0010005136587415038,-1.0,1.0,-50.0,-0.0069945797793899145,0.027652043474828303,0.027578942135904116,0
2011-08-19 10:55:13.753483,1847,32367,19008903,1856823,209.15519083161882,0,17.52409312398484,10291.772062804548,0,574,460,977,1486,292,0.7742284786139686,0.19220357336220897,0.02977801840822956,38,5,555,0.24905251759610178,0.31077422847861397,0.5289658906334597,-77.0,11139.0,7652513.0,619694.0,-33.48030023646848,6.490829090720808,4389.282457814943,-15.0,45.0,12.0,-82.0,-21.0,-0.02878607440058445,0.0243241554827911,0.001711490341701493,4.0,-1.0,61.0,0.033356051899636086,0.004641172345557831,0.02740663907420815,1
2011-08-19 10:55:43.769567,2130,205160,42835808,20566920,195.1621550741784,0,96.31924882629107,20110.707981220658,0,567,485,1003,1722,374,0.7995305164319249,0.1539906103286385,0.04507042253521127,34,4,562,0.22769953051643194,0.2661971830985915,0.4708920187793427,283.0,172793.0,23826905.0,18710097.0,-13.993035757440424,78.79515570230623,9818.93591841611,-7.0,25.0,26.0,236.0,82.0,0.025302037817956258,-0.03821296303357047,0.015292404126981709,-4.0,-1.0,7.0,-0.021352987079669844,-0.04457704538002244,-0.05807387185411694,1
2011-08-19 10:56:13.748769,2668,30973,13870504,1897938,167.56025536506746,6,11.609070464767616,5198.839580209895,1,594,566,1108,2174,428,0.7908545727136432,0.1825337331334333,0.024737631184407798,36,5,757,0.212143928035982,0.22263868065967016,0.41529235382308843,538.0,-174187.0,-28965304.0,-18668982.0,-27.60189970911094,-84.71017836152346,-14911.868401010763,27.0,81.0,105.0,452.0,54.0,-0.00867594371828162,0.02854312280479479,-0.020332791350803472,2.0,1.0,195.0,-0.015555602480449932,-0.04355850243892137,-0.05559966495625429,0
2011-08-19 10:56:43.810546,2044,26074,16518598,2812058,237.76985610420743,1,12.756360078277886,8081.505870841487,1,565,582,1093,1557,463,0.799412915851272,0.15900195694716243,0.03767123287671233,31,5,670,0.2847358121330724,0.2764187866927593,0.5347358121330724,-624.0,-4899.0,2648094.0,914120.0,70.20960073913997,1.1472896135102708,2882.6662906315923,-29.0,16.0,-15.0,-617.0,35.0,0.008558343137628821,-0.023531776186270864,0.012933601692304529,-5.0,0.0,-87.0,0.07259188409709041,0.053780106033089164,0.11944345830998399,0
2011-08-19 10:57:13.751388,2236,46479,30749450,4646551,137.2144965214669,0,20.786672629695886,13751.99016100179,0,584,459,993,1872,324,0.7231663685152058,0.24552772808586762,0.029069767441860465,32,5,715,0.20527728085867622,0.26118067978533094,0.44409660107334525,192.0,20405.0,14230852.0,1834493.0,-100.55535958274052,8.030312551418,5670.484290160302,19.0,-123.0,-100.0,315.0,-139.0,-0.07624654733606628,0.08652577113870519,-0.008601465434851862,1.0,0.0,45.0,-0.0794585312743962,-0.015238106907428384,-0.09063921105972716,1
2011-08-19 10:57:43.788078,2460,25471,11688685,3534178,151.11276788577234,3,10.354065040650406,4751.497967479675,1,579,600,1131,1945,462,0.7105691056910569,0.2532520325203252,0.03414634146341464,36,5,948,0.24390243902439024,0.23536585365853657,0.45975609756097563,224.0,-21008.0,-19060765.0,-1112373.0,13.89827136430543,-10.43260758904548,-9000.492193522114,-5.0,141.0,138.0,73.0,138.0,-0.012597262824148858,0.007724304434457568,0.005076574021554172,4.0,0.0,233.0,0.03862515816571402,-0.025814826126794366,0.015659496487630375,0
2011-08-19 10:58:13.772620,2186,33176,23089745,2369321,170.19622419213175,6,15.176578225068619,10562.554894784995,1,555,559,1067,1713,433,0.7881976212259836,0.18206770356816102,0.027904849039341262,33,3,689,0.25571820677035684,0.2538883806038426,0.48810612991765784,-274.0,7705.0,11401060.0,-1164857.0,19.08345630635941,4.822513184418213,5811.05692730532,-24.0,-41.0,-64.0,-232.0,-29.0,0.07762851553492667,-0.07118432895216417,-0.006241492424073375,-3.0,-2.0,-259.0,0.011815767745966599,0.01852252694530604,0.02835003235668221,0
2011-08-19 10:58:43.753859,2406,137325,90828155,5778979,161.59394971903575,0,57.076059850374065,37750.687863674146,0,554,640,1141,1859,491,0.8071487946799667,0.16541978387364922,0.027015793848711556,33,3,787,0.2660016625103907,0.23025768911055694,0.4742310889443059,220.0,104149.0,67738410.0,3409658.0,-8.602274473096003,41.89948162530545,27188.13296888915,-1.0,81.0,74.0,146.0,58.0,0.018951173453983117,-0.016647919694511792,-0.0008890551906297062,0.0,0.0,98.0,0.010283455740033864,-0.02363069149328567,-0.01387504097335196,1
2011-08-19 10:59:13.796531,2093,35321,16785723,2348589,193.98366591208793,2,16.875776397515526,8019.934543717152,1,599,622,1162,1568,506,0.7859531772575251,0.18394648829431437,0.02818920210224558,33,4,690,0.2971810797897754,0.2861920688007645,0.5551839464882943,-313.0,-102004.0,-74042432.0,-3430390.0,32.38971619305218,-40.20028345285854,-29730.753319956995,45.0,-18.0,21.0,-291.0,15.0,-0.02119561742244158,0.018526704420665147,0.0011734082535340244,0.0,1.0,-97.0,0.031179417279384725,0.055934379690207536,0.0809528575439884,0
2011-08-19 10:59:43.768481,1945,38485,26527494,2282703,202.00515556915167,1,19.786632390745503,13638.81439588689,1,586,371,918,1652,250,0.7542416452442159,0.2159383033419023,0.02724935732647815,36,5,511,0.19074550128534704,0.3012853470437018,0.4719794344473008,-148.0,3164.0,9741771.0,-65886.0,8.02148965706374,2.9108559932299762,5618.879852169737,-13.0,-251.0,-244.0,84.0,-256.0,-0.03171153201330923,0.03199181504758794,-0.0009398447757674316,3.0,1.0,-179.0,-0.10643557850442839,0.015093278242937325,-0.0832045120409935,0
2011-08-19 11:00:13.762936,2223,19057,10214683,1481954,164.7256197440396,1,8.572649572649572,4594.99910031489,1,591,505,1046,1791,378,0.7908232118758435,0.17813765182186234,0.028789923526765633,34,4,629,0.22717049032838507,0.2658569500674764,0.4705353126405758,278.0,-19428.0,-16312811.0,-800749.0,-37.27953582511208,-11.21398281809593,-9043.815295572,5.0,134.0,128.0,139.0,128.0,0.03658156663162759,-0.037800651520039974,0.0015405662002874847,-2.0,-1.0,118.0,0.036424989043038036,-0.03542839697622541,-0.001444121806724985,0
2011-08-19 11:00:43.749144,2212,120863,93602023,80307803,178.30493318218805,27,54.63969258589512,42315.56193490054,1,615,497,1082,1842,328,0.77124773960217,0.195750452079566,0.031193490054249547,27,5,627,0.22468354430379747,0.2780289330922242,0.4891500904159132,-11.0,101806.0,83387340.0,78825849.0,13.57931343814846,46.067043013245545,37720.56283458565,24.0,-8.0,36.0,51.0,-50.0,-0.01957547227367351,0.017612800257703676,0.0024035665274839135,-7.0,1.0,-2.0,-0.0024869460245875996,0.012171983024747812,0.018614777775337377,0
2011-08-19 11:01:13.752497,2700,47099,20695820,3206529,133.33978563444444,5,17.444074074074074,7665.118518518519,1,567,572,1099,2240,405,0.7618518518518519,0.21518518518518517,0.01962962962962963,35,6,832,0.21185185185185185,0.21,0.40703703703703703,488.0,-73764.0,-72906203.0,-77101274.0,-44.96514754774361,-37.195618511821046,-34650.443416382026,-48.0,75.0,17.0,398.0,77.0,-0.009395887750318077,0.019434733105619162,-0.011563860424619918,8.0,1.0,205.0,-0.012831692451945625,-0.06802893309222421,-0.08211305337887614,0
2011-08-19 11:01:43.760082,2080,36959,26385897,3273834,191.53167133125,0,17.76875,12685.527403846154,0,584,495,1034,1651,386,0.775,0.18990384615384615,0.03365384615384615,32,3,597,0.23798076923076922,0.28076923076923077,0.4971153846153846,-620.0,-10140.0,5690077.0,67305.0,58.19188569680557,0.3246759259259271,5020.408885327635,17.0,-77.0,-65.0,-589.0,-19.0,0.013148148148148131,-0.02528133903133903,0.014024216524216523,-3.0,-3.0,-235.0,0.02612891737891737,0.07076923076923078,0.0900783475783476,1
2011-08-19 11:02:13.757110,2132,21970,10356919,1913762,136.8918116228893,0,10.304878048780488,4857.841932457786,0,590,372,914,1853,260,0.7603189493433395,0.2124765478424015,0.024859287054409006,39,4,464,0.17448405253283303,0.2767354596622889,0.42870544090056284,52.0,-14989.0,-16028978.0,-1360072.0,-54.63985970836072,-7.463871951219513,-7827.685471388368,6.0,-123.0,-120.0,202.0,-126.0,-0.014681050656660477,0.022572701688555352,-0.008794559099437146,7.0,1.0,-133.0,-0.06349671669793619,-0.004033771106941864,-0.06840994371482179,1
2011-08-19 11:02:43.828103,2743,36725,22395539,2178481,131.59427238680277,2,13.388625592417062,8164.615020051039,1,547,605,1131,2267,424,0.7404301859278163,0.23733138899015677,0.01932191031717098,41,6,912,0.22056142909223478,0.1994166970470288,0.41232227488151657,611.0,14755.0,12038620.0,264719.0,-5.297539236086521,3.0837475436365747,3306.773087593253,-43.0,233.0,217.0,414.0,164.0,-0.01988876341552326,0.02485484114775527,-0.005537376737238024,2.0,2.0,448.0,0.04607737655940175,-0.0773187626152601,-0.01638316601904627,0
2011-08-19 11:03:13.763078,2070,25428,14766611,1893494,120.14935497149757,2,12.284057971014493,7133.628502415459,1,536,504,972,1684,369,0.7420289855072464,0.22946859903381642,0.024154589371980676,36,5,680,0.24347826086956523,0.2589371980676328,0.46956521739130436,-673.0,-11297.0,-7628928.0,-284987.0,-11.444917415305198,-1.1045676214025697,-1030.9865176355806,-11.0,-101.0,-159.0,-583.0,-55.0,0.001598799579430099,-0.00786278995634035,0.004832679054809694,-5.0,-1.0,-232.0,0.02291683177733045,0.05952050102060402,0.057242942509787786,0
2011-08-19 11:03:43.750377,2155,24591,13733401,1587227,128.52768006960557,0,11.411136890951276,6372.8078886310905,0,562,429,947,1828,301,0.7907192575406032,0.1842227378190255,0.023665893271461718,33,4,555,0.19907192575406032,0.2607888631090487,0.4394431554524362,85.0,-837.0,-1033210.0,-306267.0,8.378325098107993,-0.8729210800632163,-760.8206137843681,26.0,-75.0,-25.0,144.0,-68.0,0.04869027203335685,-0.045245861214790906,-0.000488696100518958,-3.0,-1.0,-125.0,-0.0444063351155049,0.001851665041415873,-0.030122061938868183,1
2011-08-19 11:04:13.827618,2201,415203,382999895,347878282,127.61097925670151,8,188.64288959563834,174011.76510676966,1,592,449,984,1859,315,0.7423898228078146,0.23171285779191278,0.021353930031803726,34,4,632,0.20399818264425262,0.26896865061335756,0.44706951385733756,46.0,390612.0,369266494.0,346291055.0,-0.9167008129040539,177.23175270468707,167638.95721813856,30.0,20.0,37.0,31.0,14.0,-0.04832943473278861,0.04749011997288727,-0.0023119632396579916,1.0,0.0,77.0,0.004926256890192299,0.008179787504308866,0.00762635840490139,0
2011-08-19 11:04:43.770946,1933,40563,28705055,2670347,128.61813590170718,8,20.98448008277289,14850.00258665287,1,569,390,901,1644,260,0.7371960682876358,0.23486808070356957,0.02586652871184687,41,5,533,0.20175892395240558,0.2943610967408174,0.4661148473874806,-268.0,-374640.0,-354294840.0,-345207935.0,1.007156645005665,-167.65840951286543,-159161.76252011678,-23.0,-59.0,-83.0,-215.0,-55.0,-0.005193754520178784,0.003155222911656791,0.004512598680043143,7.0,1.0,-99.0,-0.002239258691847046,0.025392446127459833,0.019045333530143038,0
2011-08-19 11:05:13.848980,2339,35545,24718133,1919262,106.61893310731082,1,15.19666524155622,10567.820863616931,1,516,438,905,1999,304,0.7195382642154767,0.2569474134245404,0.017101325352714837,34,4,772,0.18725951261222745,0.22060709705002138,0.3869174861051731,406.0,-5018.0,-3986922.0,-751085.0,-21.999202794396354,-5.787814841216671,-4282.181723035939,-53.0,48.0,4.0,355.0,44.0,-0.01765780407215911,0.022079332720970846,-0.008765203359132032,-7.0,-1.0,239.0,-0.014499411340178125,-0.07375399969079602,-0.07919736128230748,0
2011-08-19 11:05:43.756706,2132,212503,190818252,7522810,102.6732212326454,3,99.67307692307692,89501.99437148217,1,510,484,957,1739,357,0.7603189493433395,0.2176360225140713,0.021106941838649154,32,3,729,0.2270168855534709,0.23921200750469043,0.44887429643527205,-207.0,176958.0,166100119.0,5603548.0,-3.9457118746654203,84.4764116815207,78934.17350786524,-6.0,46.0,52.0,-260.0,53.0,0.040780685127862815,-0.03931139091046912,0.004005616485934317,-2.0,-1.0,-43.0,0.03975737294124346,0.018604910454669055,0.06195681033009892,0
2011-08-19 11:06:13.766309,1927,182270,173318442,5066936,81.92123806227296,2,94.58744161909704,89942.10793980281,1,557,340,836,1676,236,0.8220031136481578,0.14997405293201868,0.024909185262065387,35,5,402,0.17644006227296316,0.28905033731188373,0.4338349766476388,-205.0,-30233.0,-17499810.0,-2455874.0,-20.75198317037244,-5.085635303979885,440.11356832063757,47.0,-144.0,-121.0,-63.0,-121.0,0.06168416430481827,-0.06766196958205262,0.003802243423416233,3.0,2.0,-327.0,-0.05057682328050775,0.0498383298071933,-0.015039319787633232,0
2011-08-19 11:06:43.777826,2461,51955,41445717,2766401,98.29923152824055,1,21.11133685493702,16841.006501422187,1,511,410,883,2136,287,0.7626980902072328,0.2165786265745632,0.01909792767167818,35,4,677,0.16659894351889476,0.20763917106867127,0.3587972368955709,534.0,-130315.0,-131872725.0,-2300535.0,16.37799346596759,-73.47610476416001,-73101.10143838062,-46.0,70.0,47.0,460.0,51.0,-0.05930502344092503,0.06660457364254452,-0.005811257590387208,0.0,-1.0,275.0,-0.0098411187540684,-0.08141116624321246,-0.0750377397520679,0
2011-08-19 11:07:13.760509,1848,20522,11818125,2027634,80.27920263095238,0,11.104978354978355,6395.089285714285,0,554,397,890,1558,289,0.7857142857142857,0.1893939393939394,0.022186147186147188,31,4,464,0.21482683982683984,0.29978354978354976,0.4816017316017316,-613.0,-31433.0,-29627592.0,-738767.0,-18.02002889728817,-10.006358499958663,-10445.917215707901,43.0,-13.0,7.0,-578.0,2.0,0.023016195507052917,-0.027184687180623807,0.0030882195144690087,-4.0,0.0,-213.0,0.04822789630794508,0.09214437871487849,0.12280449470616067,1
2011-08-19 11:07:43.749536,2128,31310,21281867,3799072,108.32835426503759,4,14.713345864661655,10000.877349624061,1,560,527,1026,1700,402,0.7655075187969925,0.20300751879699247,0.030545112781954886,34,5,646,0.24765037593984962,0.2631578947368421,0.48214285714285715,280.0,10788.0,9463742.0,1771438.0,28.049151634085206,3.6083675096832994,3605.7880639097757,6.0,130.0,136.0,142.0,113.0,-0.020206766917293173,0.013613579403053078,0.008358965595807698,3.0,1.0,182.0,0.03282353611300978,-0.03662565504670767,0.0005411255411255644,0
2011-08-19 11:08:13.756603,2450,145290,130358230,4446715,74.18405664285714,1,59.30204081632653,53207.44081632653,1,586,486,1023,2055,356,0.7820408163265307,0.19755102040816327,0.018775510204081632,29,2,689,0.1983673469387755,0.23918367346938776,0.4175510204081633,322.0,113980.0,109076363.0,647643.0,-34.144297622180446,44.58869495166488,43206.56346670247,26.0,-41.0,-3.0,355.0,-46.0,0.016533297529538138,-0.005456498388829195,-0.011769602577873253,-5.0,-3.0,43.0,-0.04928302900107412,-0.023974221267454326,-0.06459183673469387,0
2011-08-19 11:08:43.765720,1892,39890,24702317,2461139,119.89072687156448,0,21.083509513742072,13056.192917547569,0,540,465,955,1493,339,0.7758985200845666,0.19767441860465115,0.024312896405919663,32,5,572,0.24577167019027485,0.2854122621564482,0.5047568710359408,-558.0,-105400.0,-105655913.0,-1985576.0,45.70667022870734,-38.21853130258446,-40151.247898778965,-46.0,-21.0,-68.0,-562.0,-17.0,-0.0061422962419640514,0.0001233981964878783,0.005537386201838031,3.0,3.0,-117.0,0.04740432325149935,0.04622858868706045,0.08720585062777753,1
2011-08-19 11:09:13.791064,1622,34846,26367711,1649711,79.34979985265105,1,21.483353884093713,16256.295314426634,1,547,304,785,1428,185,0.747842170160296,0.21393341553637485,0.0345252774352651,25,4,462,0.187422934648582,0.3372379778051788,0.4839704069050555,-270.0,-5044.0,1665394.0,-811428.0,-40.540927018913436,0.3998443703516408,3200.102396879065,7.0,-161.0,-170.0,-65.0,-154.0,-0.02805634992427064,0.016258996931723696,0.010212381029345439,-7.0,-1.0,-110.0,-0.05834873554169284,0.051825715648730564,-0.020786464130885307,0
2011-08-19 11:09:43.760941,2381,51814,36769609,2779976,62.953579901721966,1,21.76144477110458,15442.92692146157,1,569,404,937,2072,220,0.7081058378832423,0.27047459050818984,0.020999580008399833,35,4,737,0.16967660646787064,0.23897522049559008,0.39353212935741283,759.0,16968.0,10401898.0,1130265.0,-16.39621995092908,0.2780908870108654,-813.3683929650633,22.0,100.0,152.0,644.0,35.0,-0.03973633227705364,0.05654117497181499,-0.013525697426865269,10.0,0.0,275.0,-0.017746328180711368,-0.0982627573095887,-0.09043827754764266,0
2011-08-19 11:10:13.785915,2330,130922,118440202,4072608,71.55416071330471,0,56.18969957081545,50832.704721030044,0,557,441,954,1900,268,0.7626609442060086,0.2055793991416309,0.030042918454935622,36,4,598,0.1892703862660944,0.2390557939914163,0.4094420600858369,-51.0,79108.0,81670593.0,1292632.0,8.600580811582745,34.42825479971087,35389.777799568474,-12.0,37.0,17.0,-172.0,48.0,0.05455510632276628,-0.06489519136655894,0.009043338446535789,1.0,0.0,-139.0,0.01959377979822377,8.057349582621387e-05,0.01590993072842406,1
2011-08-19 11:10:43.762084,1987,68965,59266531,4217192,72.86944933970811,0,34.7081026673377,29827.141922496226,0,561,380,889,1660,262,0.7765475591343735,0.1992954202315048,0.021640664318067437,35,5,491,0.19124308002013085,0.2823351786612984,0.447408152994464,-343.0,-61957.0,-59173671.0,144584.0,1.315288626403401,-21.48159690347775,-21005.562798533818,4.0,-61.0,-65.0,-240.0,-6.0,0.013886614928364849,-0.006283978910126109,-0.008402254136868185,-1.0,1.0,-107.0,0.001972693754036442,0.043279384669882126,0.037966092908627125,1
2011-08-19 11:11:13.780220,2019,31339,17521560,2618307,89.46692523625558,0,15.522040614165428,8678.335809806835,0,545,453,948,1644,350,0.7786032689450223,0.19266963843486876,0.027241208519068846,31,3,598,0.22436849925705796,0.2699356116889549,0.46953937592867756,32.0,-37626.0,-41744971.0,-1598885.0,16.597475896547465,-19.18606205317227,-21148.80611268939,-16.0,73.0,59.0,-16.0,88.0,0.0020557098106488425,-0.006625781796636032,0.005600544201001409,-4.0,-2.0,107.0,0.033125419236927106,-0.012399566972343512,0.022131222934213546,1
2011-08-19 11:11:43.782268,2210,27727,16028756,2553254,59.542838821266976,0,12.546153846153846,7252.830769230769,0,509,620,1085,1637,468,0.7850678733031674,0.1832579185520362,0.02850678733031674,37,5,728,0.28054298642533937,0.23031674208144795,0.49095022624434387,191.0,-3612.0,-1492804.0,-65053.0,-29.9240864149886,-2.9758867680115824,-1425.5050405760658,-36.0,167.0,137.0,-7.0,118.0,0.00646460435814511,-0.00941171988283257,0.001265578811247895,6.0,2.0,130.0,0.05617448716828141,-0.03961886960750696,0.021410850315666308,1
2011-08-19 11:12:13.765463,2491,24412,12553129,2301949,40.95410602970694,0,9.800080289040546,5039.393416298675,0,540,383,886,2201,218,0.7527097551184263,0.2244078683259735,0.020473705339221198,33,4,613,0.1537535126455239,0.2167804094741068,0.35568044961862705,281.0,-3315.0,-3475627.0,-251305.0,-18.588732791560034,-2.7460735571133004,-2213.4373529320937,31.0,-237.0,-199.0,564.0,-250.0,-0.0323581181847411,0.04114994977393732,-0.008033081991095543,-4.0,-1.0,-115.0,-0.12678947377981548,-0.013536332607341162,-0.13526977662571682,1
2011-08-19 11:12:43.768242,1999,22768,13234950,1494409,47.45468773986994,4,11.389694847423712,6620.785392696348,1,557,338,837,1751,184,0.7453726863431716,0.21960980490245122,0.03451725862931466,33,4,493,0.16908454227113556,0.2786393196598299,0.41870935467733866,-492.0,-1644.0,681821.0,-807540.0,6.500581710162997,1.5896145583831665,1581.3919763976728,17.0,-45.0,-49.0,-450.0,-34.0,-0.007337068775254751,-0.004798063423522292,0.01404355329009346,0.0,0.0,-120.0,0.01533102962561167,0.06185891018572312,0.06302890505871162,0
2011-08-19 11:13:13.757737,2089,20524,11487652,1848439,71.40983897367161,1,9.82479655337482,5499.115366203925,1,531,516,998,1702,367,0.7797989468645284,0.19147917663954045,0.02537099090473911,32,4,675,0.2470081378650072,0.25418860698898993,0.47774054571565344,90.0,-2244.0,-1747298.0,354030.0,23.955151233801672,-1.5648982940488914,-1121.670026492423,-26.0,178.0,161.0,-49.0,183.0,0.03442626052135689,-0.028130628262910767,-0.009146267724575548,-1.0,0.0,182.0,0.07792359559387163,-0.02445071267083998,0.05903119103831478,0
2011-08-19 11:13:43.757430,2016,21329,13137317,1466349,66.0703083531746,0,10.57986111111111,6516.52628968254,0,515,566,1021,1463,430,0.8214285714285714,0.15426587301587302,0.022321428571428572,33,5,652,0.28075396825396826,0.2554563492063492,0.5064484126984127,-73.0,805.0,1649665.0,-382090.0,-5.339530620497015,0.75506455773629,1017.4109234786147,-16.0,50.0,23.0,-239.0,63.0,0.041629624564042955,-0.037213303623667426,-0.0030495623333105376,1.0,1.0,-23.0,0.03374583038896106,0.0012677422173592579,0.028707866982759234,1
2011-08-19 11:14:13.773664,2035,18800,9820732,1447817,64.64372961621622,5,9.238329238329237,4825.9125307125305,1,574,508,1032,1589,358,0.7975429975429975,0.16707616707616707,0.03341523341523341,35,5,633,0.24963144963144962,0.28206388206388205,0.5071253071253071,19.0,-2529.0,-3316585.0,-18532.0,-1.4265787369583762,-1.3415318727818732,-1690.6137589700093,59.0,-58.0,11.0,126.0,-72.0,-0.023885573885573885,0.012810294060294047,0.01109380484380484,2.0,0.0,-19.0,-0.031122518622518636,0.026607532857532867,0.0006768944268944477,0
2011-08-19 11:14:43.780155,1985,17824,9285914,1378270,52.811347239294705,0,8.979345088161208,4678.042317380353,0,523,521,993,1537,388,0.7536523929471033,0.20604534005037783,0.04030226700251889,28,3,698,0.2624685138539043,0.26347607052896727,0.5002518891687657,-50.0,-976.0,-534818.0,-69547.0,-11.832382376921515,-0.258984150168029,-147.87021333217763,-51.0,13.0,-39.0,-52.0,30.0,-0.04389060459589422,0.038969172974210764,0.006887033587285478,-7.0,-2.0,65.0,0.012837064222454675,-0.01858781153491479,-0.006873417956541394,1
2011-08-19 11:15:13.792700,1888,27818,18631040,1558342,45.50994450264831,2,14.734110169491526,9868.135593220339,1,521,321,780,1611,189,0.71875,0.2468220338983051,0.03177966101694915,32,3,519,0.17002118644067796,0.2759533898305085,0.413135593220339,-97.0,9994.0,9345126.0,180072.0,-7.301402736646395,5.7547650813303175,5190.093275839986,-2.0,-200.0,-213.0,74.0,-199.0,-0.03490239294710329,0.04077669384792726,-0.00852260598556974,4.0,0.0,-179.0,-0.09244732741322634,0.012477319301541223,-0.08711629594842674,0
2011-08-19 11:15:43.794329,1987,29681,16733231,6095987,51.05863022395571,0,14.937594363361852,8421.354302969301,0,548,390,891,1667,278,0.7805737292400604,0.18822345244086564,0.03069954705586311,32,4,487,0.19627579265223954,0.2757926522395571,0.44841469552088575,99.0,1863.0,-1897809.0,4537645.0,5.5486857213074,0.20348419387032557,-1446.7812902510377,27.0,69.0,111.0,56.0,89.0,0.06182372924006041,-0.05859858145743946,-0.0010801139610860412,0.0,1.0,-32.0,0.026254606211561587,-0.0001607375909513653,0.03527910230054676,1
2011-08-19 11:16:13.751099,2018,21060,11466053,1444276,42.33233639197225,3,10.43607532210109,5681.889494549058,1,481,304,746,1768,180,0.7626362735381566,0.20366699702675917,0.031714568880079286,36,4,451,0.1506442021803766,0.2383548067393459,0.36967294350842417,31.0,-8621.0,-5267178.0,-4651711.0,-8.726293831983462,-4.501519041260762,-2739.4648084202427,-67.0,-86.0,-145.0,101.0,-98.0,-0.01793745570190386,0.015443544585893532,0.0010150218242161758,4.0,0.0,-36.0,-0.04563159047186294,-0.03743784550021123,-0.07874175201246159,0
2011-08-19 11:16:43.749822,2290,18777,8952080,1251389,37.683462493886466,3,8.199563318777292,3909.2052401746723,1,532,405,878,1883,219,0.7375545851528384,0.2314410480349345,0.03056768558951965,38,3,629,0.17685589519650655,0.23231441048034934,0.3834061135371179,272.0,-2283.0,-2513973.0,-192887.0,-4.648873898085782,-2.2365120033237975,-1772.684254374386,51.0,101.0,132.0,115.0,39.0,-0.0250816883853181,0.027774051008175343,-0.0011468832905596367,2.0,-1.0,178.0,0.02621169301612994,-0.00604039625899655,0.01373317002869373,0
2011-08-19 11:17:13.749226,1782,24066,12896906,1659048,42.309944448933784,3,13.505050505050505,7237.320987654321,1,520,347,813,1459,262,0.7603815937149271,0.20875420875420875,0.02749719416386083,34,4,478,0.1947250280583614,0.29180695847362514,0.4562289562289562,-508.0,5289.0,3944826.0,407659.0,4.626481955047318,5.305487186273213,3328.1157474796482,-12.0,-58.0,-65.0,-424.0,43.0,0.022827008562088635,-0.022686839280725762,-0.003070491425658819,-4.0,1.0,-151.0,0.017869132861854847,0.0594925479932758,0.07282284269183831,0
2011-08-19 11:17:43.770286,2002,31253,20442220,1716700,42.8635357952048,24,15.610889110889111,10210.899100899102,1,539,355,847,1738,224,0.7542457542457542,0.21428571428571427,0.03146853146853147,35,4,502,0.1773226773226773,0.2692307692307692,0.4230769230769231,220.0,7187.0,7545314.0,57652.0,0.5535913462710127,2.1058386058386063,2973.578113244781,19.0,8.0,34.0,279.0,-38.0,-0.0061358394691728435,0.005531505531505526,0.003971337304670641,1.0,0.0,24.0,-0.01740235073568408,-0.022576189242855926,-0.033152033152033134,0
2011-08-19 11:18:13.748776,2093,15460,6321328,1272619,39.78256602484472,42,7.3865265169612995,3020.223602484472,1,533,351,837,1777,228,0.7730530339225992,0.20688007644529383,0.017200191113234592,31,4,531,0.16770186335403728,0.2546583850931677,0.39990444338270426,91.0,-15793.0,-14120892.0,-444081.0,-3.0809697703600776,-8.224362593927811,-7190.67549841463,-6.0,-4.0,-10.0,39.0,4.0,0.018807279676844924,-0.007405637840420448,-0.01426834035529688,-4.0,0.0,29.0,-0.009620813968640035,-0.014572384137601535,-0.023172479694218817,0
2011-08-19 11:18:43.756166,1820,23335,10608288,2028590,52.095616463186815,2,12.821428571428571,5828.729670329671,1,547,312,810,1567,209,0.7730769230769231,0.210989010989011,0.015934065934065933,31,3,395,0.17142857142857143,0.30054945054945054,0.44505494505494503,-273.0,7875.0,4286960.0,755971.0,12.313050438342096,5.434902054467272,2808.5060678451987,14.0,-39.0,-27.0,-210.0,-19.0,2.3889154323941675e-05,0.004108934543717163,-0.001266125179168659,0.0,-1.0,-136.0,0.003726708074534152,0.045891065456282853,0.04515050167224077,0
2011-08-19 11:19:13.789405,1797,36642,25303183,2223107,81.40909408903728,0,20.390651085141904,14080.791875347802,0,571,375,901,1526,246,0.7406789092932665,0.223149693934335,0.03060656649972176,33,5,499,0.20868113522537562,0.31775180856983865,0.5013912075681691,-23.0,13307.0,14694895.0,194517.0,29.313477625850467,7.569222513713333,8252.062205018132,24.0,63.0,91.0,-41.0,37.0,-0.03239801378365659,0.01216068294532402,0.014672500565655826,2.0,2.0,104.0,0.037252563796804194,0.01720235802038811,0.0563362625132241,1
2011-08-19 11:19:43.769609,2086,44615,34592634,2255200,61.53314600287632,0,21.387823585810164,16583.237775647172,0,554,344,853,1838,210,0.725790987535954,0.24448705656759348,0.028763183125599234,37,5,469,0.16490891658676893,0.26558005752636626,0.4089165867689358,289.0,7973.0,9289451.0,32093.0,-19.87594808616096,0.9971725006682597,2502.44590029937,-17.0,-31.0,-48.0,312.0,-36.0,-0.014887921757312572,0.021337362633258472,-0.0018433833741225251,4.0,0.0,-30.0,-0.0437722186386067,-0.05217175104347238,-0.09247462079923335,1
2011-08-19 11:20:13.752124,2261,27411,16506311,1852411,42.31186226846528,5,12.123396727111897,7300.447147279965,1,532,372,858,1980,224,0.7235736399823087,0.248562582927908,0.02476780185758514,34,4,603,0.16452896948252985,0.23529411764705882,0.37947810703228657,175.0,-17204.0,-18086323.0,-402789.0,-19.22128373441104,-9.264426858698267,-9282.790628367207,-22.0,28.0,5.0,142.0,14.0,-0.0022173475536452214,0.004075526360314524,-0.003995381268014093,-3.0,-1.0,134.0,-0.0003799471042390812,-0.030285939879307444,-0.029438479736649203,0
2011-08-19 11:20:43.753895,1619,23657,14741303,1090382,34.890235646695494,1,14.612106238418777,9105.190240889438,1,502,262,713,1439,168,0.7838171710932674,0.18159357628165534,0.033353922174181594,30,4,325,0.16182828906732552,0.31006794317479924,0.4403953057442866,-642.0,-3754.0,-1765008.0,-762029.0,-7.421626621769789,2.4887095113068796,1804.7430936094734,-30.0,-110.0,-145.0,-541.0,-56.0,0.060243531110958704,-0.06696900664625266,0.008586120316596453,-4.0,0.0,-278.0,-0.0027006804152043262,0.07477382552774042,0.06091719871200002,0
2011-08-19 11:21:13.750675,2001,30301,18028742,1762006,42.534922699650174,2,15.142928535732134,9009.866066966517,1,519,362,828,1766,211,0.7161419290354822,0.25837081459270367,0.022488755622188907,34,4,559,0.1809095452273863,0.2593703148425787,0.41379310344827586,382.0,6644.0,3287439.0,671624.0,7.64468705295468,0.5308222973133567,-95.32417392292155,17.0,100.0,115.0,327.0,43.0,-0.06767524205778519,0.07677723831104832,-0.010865166551992687,4.0,0.0,234.0,0.01908125616006079,-0.05069762833222052,-0.026602202296010735,0
2011-08-19 11:21:43.795492,1796,18194,8384844,1127965,36.20317143541203,0,10.130289532293986,4668.621380846325,0,485,242,683,1635,134,0.765033407572383,0.20489977728285078,0.02783964365256125,33,4,452,0.13474387527839643,0.2700445434298441,0.38028953229398665,-205.0,-12107.0,-9643898.0,-634041.0,-6.331751264238143,-5.012639003438148,-4341.244686120192,-34.0,-120.0,-145.0,-131.0,-77.0,0.04889147853690079,-0.05347103730985289,0.005350888030372342,-1.0,0.0,-107.0,-0.04616566994898988,0.010674228587265355,-0.0335035711542892,1
2011-08-19 11:22:13.751301,1766,19841,10153484,1353854,46.052951718006796,4,11.234994337485844,5749.424688561721,1,530,288,763,1548,156,0.7865232163080408,0.18289920724801811,0.026047565118912798,31,5,363,0.16308040770101925,0.3001132502831257,0.4320498301245753,-30.0,1647.0,1768640.0,225889.0,9.849780282594764,1.104704805191858,1080.803307715396,45.0,46.0,80.0,-87.0,22.0,0.021489808735657756,-0.02200057003483266,-0.0017920785336484508,-2.0,1.0,-89.0,0.028336532422622823,0.030068706853281613,0.051760297830588664,0
2011-08-19 11:22:43.770046,1798,108176,55293774,5886284,51.45101391601779,0,60.16462736373749,30752.93325917686,0,523,361,837,1548,212,0.7052280311457174,0.26028921023359286,0.03225806451612903,36,4,493,0.20077864293659622,0.29087875417130143,0.46551724137931033,32.0,88335.0,45140290.0,4532430.0,5.398062198010997,48.92963302625164,25003.50857061514,-7.0,73.0,74.0,0.0,56.0,-0.08129518516232337,0.07739000298557475,0.006210499397216233,5.0,-1.0,130.0,0.03769823523557697,-0.009234496111824253,0.03346741125473501,1
2011-08-19 11:23:13.753405,2010,15854,6962752,1453068,39.48844758159204,1,7.8875621890547265,3464.0557213930347,1,524,531,986,1614,375,0.7611940298507462,0.20746268656716418,0.028358208955223882,39,5,650,0.26417910447761195,0.2606965174129353,0.490547263681592,212.0,-92322.0,-48331022.0,-4433216.0,-11.962566334425752,-52.27706517468276,-27288.87753778383,1.0,170.0,149.0,66.0,163.0,0.05596599870502883,-0.052826523666428676,-0.0038998555609051494,3.0,1.0,157.0,0.06340046154101572,-0.03018223675836612,0.025030022302281685,0
2011-08-19 11:23:43.754303,2066,20433,9406825,1525548,44.65444648354308,0,9.890125847047434,4553.158276863504,0,537,479,978,1697,330,0.749757986447241,0.22846079380445306,0.021781219748305904,38,4,655,0.23184898354307842,0.2599225556631171,0.47337850919651503,56.0,4579.0,2444073.0,72480.0,5.165998901951042,2.0025636579927077,1089.1025554704697,13.0,-52.0,-8.0,83.0,-45.0,-0.011436043403505236,0.02099810723728887,-0.006576989206917978,-1.0,-1.0,5.0,-0.032330120934533524,-0.0007739617498181972,-0.017168754485076987,1
2011-08-19 11:24:13.778385,1959,37654,26679820,2135349,45.02625497498724,0,19.221031138335885,13619.10158244002,0,501,388,839,1622,269,0.7728432873915263,0.19448698315467075,0.030117406840224605,39,4,482,0.19806023481368046,0.2557427258805513,0.4282797345584482,-107.0,17221.0,17272995.0,609801.0,0.3718084914441562,9.33090529128845,9065.943305576515,-36.0,-91.0,-139.0,-75.0,-61.0,0.023085300944285292,-0.033973810649782304,0.0083361870919187,1.0,0.0,-173.0,-0.033788748729397966,-0.004179829782565814,-0.04509877463806683,1
2011-08-19 11:24:44.020626,2629,41473,27133381,2491312,32.346560013313045,12,15.775199695701788,10320.799163179916,1,491,471,931,2208,314,0.7542791936097375,0.22518067706352224,0.020540129326740205,40,4,763,0.1791555724610118,0.18676302776721188,0.35412704450361354,670.0,3819.0,453561.0,355963.0,-12.679694961674194,-3.4458314426340966,-3298.302419260104,-10.0,83.0,92.0,586.0,45.0,-0.018564093781788804,0.030693693908851488,-0.0095772775134844,1.0,0.0,281.0,-0.01890466235266866,-0.06897969811333943,-0.07415269005483466,0
2011-08-19 11:25:13.777943,2059,28537,18183327,1804780,40.35167014618747,31,13.859640602234094,8831.144730451675,1,471,509,922,1673,349,0.7357940747935892,0.23506556580864496,0.026711996114618747,38,4,701,0.24720738222438077,0.22875182127246235,0.44779018941233606,-570.0,-12936.0,-8950054.0,-686532.0,8.005110132874428,-1.915559093467694,-1489.6544327282409,-20.0,38.0,-9.0,-535.0,35.0,-0.018485118816148338,0.009884888745122722,0.006171866787878542,-2.0,0.0,-62.0,0.06805180976336897,0.04198879350525048,0.09366314490872252,0
2011-08-19 11:25:43.776648,1990,25270,15284907,1640261,44.73319183467337,40,12.698492462311558,7680.857788944723,1,477,447,887,1636,292,0.7296482412060301,0.23668341708542714,0.033668341708542715,34,4,612,0.22462311557788944,0.23969849246231156,0.4457286432160804,-69.0,-3267.0,-2898420.0,-164519.0,4.381521688485897,-1.1611481399225365,-1150.2869415069517,6.0,-62.0,-35.0,-37.0,-57.0,-0.006145833587559046,0.001617851276782184,0.006956345593923968,-4.0,0.0,-89.0,-0.022584266646491324,0.01094667118984921,-0.002061546196255648,0
2011-08-19 11:26:13.766140,1948,22606,11603784,2625322,36.43356169045175,1,11.604722792607802,5956.767967145791,1,508,399,854,1644,277,0.7505133470225873,0.2202258726899384,0.026694045174537988,33,4,581,0.20482546201232033,0.26078028747433263,0.4383983572895277,-42.0,-2664.0,-3681123.0,985061.0,-8.299630144221624,-1.0937696697037556,-1724.0898217989325,31.0,-48.0,-33.0,8.0,-15.0,0.020865105816557206,-0.016457544395488743,-0.006974296534004727,-1.0,0.0,-31.0,-0.019797653565569118,0.021081795012021065,-0.007330285926552715,0
2011-08-19 11:26:43.861962,1868,113080,37820187,9054757,38.9179516761242,1,60.53533190578158,20246.35278372591,1,489,414,867,1575,248,0.6729122055674518,0.284796573875803,0.0417558886509636,36,4,640,0.22162740899357602,0.26177730192719484,0.46413276231263384,-80.0,90474.0,26216403.0,6429435.0,2.4843899856724505,48.93060911317378,14289.584816580118,-19.0,15.0,13.0,-69.0,-29.0,-0.07760114145513552,0.06457070118586458,0.015061843476425613,3.0,0.0,59.0,0.0168019469812557,0.0009970144528622105,0.025734405023106144,0
2011-08-19 11:27:13.780367,2077,39087,26089249,2212083,40.26797230524795,1,18.818969667790082,12561.025036109773,1,487,510,956,1707,361,0.7231584015406837,0.2522869523350987,0.022147327876745306,33,4,710,0.24554646124217622,0.23447279730380358,0.4602792489167068,209.0,-73993.0,-11730938.0,-6842674.0,1.3500206291237546,-41.716362237991504,-7685.327747616137,-2.0,96.0,89.0,132.0,113.0,0.05024619597323188,-0.0325096215407043,-0.019608560774218294,-3.0,0.0,70.0,0.023919052248600192,-0.027304504623391262,-0.003853513395927044,0
2011-08-19 11:27:43.777117,2036,123944,112668342,3986223,24.517148774066797,12,60.8762278978389,55338.08546168959,1,446,437,839,1707,294,0.7416502946954814,0.2337917485265226,0.02406679764243615,32,4,593,0.21463654223968565,0.21905697445972494,0.4120825147347741,-41.0,84857.0,86579093.0,1774140.0,-15.750823531181155,42.05725823004882,42777.06042557982,-41.0,-73.0,-117.0,0.0,-67.0,0.01849189315479771,-0.018495203808576083,0.001919469765690844,-1.0,0.0,-117.0,-0.03090991900249057,-0.015415822844078636,-0.04819673418193271,0
2011-08-19 11:28:13.781421,2149,40773,19751336,5853262,29.67814252722196,15,18.973010702652395,9190.942764076315,1,505,487,945,1689,345,0.7603536528617962,0.20521172638436483,0.0316426244765007,36,4,634,0.22661703117729176,0.23499302000930666,0.43973941368078173,113.0,-83171.0,-92917006.0,1867039.0,5.160993753155164,-41.90321719518651,-46147.14269761327,59.0,50.0,106.0,-18.0,51.0,0.018703358166314854,-0.028580022142157768,0.007575826834064551,4.0,0.0,41.0,0.011980488937606115,0.015936045549581723,0.027656898946007646,0
2011-08-19 11:28:43.752529,1987,34791,21654625,1746416,38.460485993960745,34,17.5093105183694,10898.1504781077,1,481,596,1025,1466,494,0.8470055359838953,0.1217916456970307,0.03069954705586311,32,4,606,0.2999496728736789,0.2420734776044288,0.5158530447911425,-162.0,-5982.0,1903289.0,-4106846.0,8.782343466738784,-1.4637001842829953,1707.207714031385,-24.0,109.0,80.0,-223.0,149.0,0.08665188312209904,-0.08342008068733413,-0.0009430774206375912,-4.0,0.0,-28.0,0.07333264169638715,0.0070804575951221305,0.07611363111036074,0
2011-08-19 11:29:13.752788,1973,306790,400682681,6162546,45.91862253471871,15,155.49417131272173,203082.960466295,1,501,658,1102,1383,540,0.8109477952356817,0.14901165737455652,0.03750633552965028,32,4,827,0.3335022807906741,0.25392802838317285,0.5585402939685757,-14.0,271999.0,379028056.0,4416130.0,7.4581365407579625,137.98486079435233,192184.80998818728,20.0,62.0,77.0,-83.0,46.0,-0.03605774074821355,0.027220011677525816,0.006806788473787167,0.0,0.0,221.0,0.033552607916995214,0.01185455077874406,0.04268724917743327,0
2011-08-19 11:29:43.783489,1869,25962,15241913,2845701,31.133218391118245,11,13.890850722311397,8155.116639914393,1,510,379,850,1586,261,0.7367576243980738,0.23595505617977527,0.02675227394328518,27,3,533,0.20278223649010166,0.27287319422150885,0.45478865703584803,-104.0,-280828.0,-385440768.0,-3316845.0,-14.785404143600463,-141.60332059041033,-194927.8438263806,9.0,-279.0,-252.0,203.0,-279.0,-0.07419017083760793,0.08694339880521876,-0.010754061586365098,-5.0,-1.0,-294.0,-0.13072004430057246,0.018945165838335998,-0.10375163693272771,0
2011-08-19 11:30:13.755121,1893,24104,14330963,3910938,24.1798368483888,17,12.73322768092974,7570.503433703117,1,469,368,781,1589,251,0.7305863708399366,0.2334918119387216,0.03328050713153724,33,4,461,0.19440042260961438,0.24775488642366614,0.41257263602746963,24.0,-1858.0,-910950.0,1065237.0,-6.953381542729446,-1.1576230413816564,-584.6132062112765,-41.0,-11.0,-69.0,3.0,-10.0,-0.006171253558137191,-0.0024632442410536803,0.006528233188252061,6.0,1.0,-72.0,-0.008381813880487282,-0.025118307797842715,-0.0422160210083784,0
2011-08-19 11:30:43.792390,1612,14538,6922060,1000001,22.422658276674937,16,9.018610421836229,4294.08188585608,1,475,348,775,1342,235,0.7965260545905707,0.16811414392059554,0.034739454094292806,30,3,396,0.21588089330024815,0.29466501240694787,0.4807692307692308,-281.0,-9566.0,-7408903.0,-2910937.0,-1.7571785717138617,-3.7146172590935116,-3276.421547847037,6.0,-20.0,-6.0,-247.0,-16.0,0.06593968375063408,-0.06537766801812606,0.0014589469627555654,-3.0,-1.0,-65.0,0.021480470690633774,0.04691012598328173,0.06819659474176115,0
2011-08-19 11:31:13.755047,1890,24563,14987374,1400675,19.12754734920635,30,12.996296296296297,7929.827513227513,1,449,385,776,1579,272,0.7587301587301587,0.20317460317460317,0.035449735449735446,34,4,507,0.2037037037037037,0.23756613756613756,0.4105820105820106,278.0,10025.0,8065314.0,400674.0,-3.2951109274685884,3.977685874460068,3635.7456273714333,-26.0,37.0,1.0,237.0,37.0,-0.03779589586041199,0.035060459254007637,0.0007102813554426407,4.0,1.0,111.0,-0.012177189596544458,-0.057098874840810304,-0.07018722018722018,0
2011-08-19 11:31:43.777328,1857,507654,251301740,68288637,35.20093957458266,3,273.37318255250403,135326.7312870221,1,477,429,866,1501,326,0.7334410339256866,0.2310177705977383,0.035541195476575124,39,5,539,0.2310177705977383,0.2568659127625202,0.4663435648896069,-33.0,483091.0,236314366.0,66887962.0,16.073392225376313,260.37688625620774,127396.90377379458,28.0,44.0,90.0,-78.0,54.0,-0.025289124804472096,0.027843167423135112,9.146002683967785e-05,5.0,1.0,32.0,0.027314066894034594,0.019299775196382624,0.05576155430759627,0
2011-08-19 11:32:13.785256,2519,62421,20387904,5006310,103.72388263795158,0,24.780071456927352,8093.649861055975,0,641,510,1080,2101,348,0.6756649464073045,0.2933703850734418,0.027788805081381502,42,5,675,0.20246129416435094,0.2544660579595077,0.42874156411274317,662.0,-445233.0,-230913836.0,-63282327.0,68.52294306336891,-248.5931110955767,-127233.08142596611,164.0,81.0,214.0,600.0,22.0,-0.057776087518382147,0.06235261447570353,-0.007752390395193622,3.0,0.0,136.0,-0.02855647643338735,-0.002399854803012469,-0.03760200077686371,1
2011-08-19 11:32:43.767268,2393,80402,45557408,23381310,111.9527223146678,11,33.59882992060176,19037.78019222733,1,633,530,1097,1982,344,0.6610948600083577,0.31257835353113245,0.02423735896364396,44,6,787,0.22147931466778104,0.2645215211032177,0.4584203928123694,-126.0,17981.0,25169504.0,18375000.0,8.22883967671622,8.818758463674406,10944.130331171353,-8.0,20.0,17.0,-119.0,-4.0,-0.014570086398946747,0.019207968457690627,-0.0035514461177375417,2.0,1.0,112.0,0.0190180205034301,0.010055463143709975,0.029678828699626236,0
2011-08-19 11:33:13.754471,2329,62995,34560272,14799718,91.31115839587805,15,27.048089308716186,14839.103477887506,1,622,725,1266,1698,618,0.7398024903392014,0.23057106054100474,0.027050236152855303,40,5,782,0.31129240017174753,0.26706741090596825,0.5435809360240447,-64.0,-17407.0,-10997136.0,-8581592.0,-20.641563918789743,-6.550740611885573,-4198.676714339823,-11.0,195.0,169.0,-284.0,274.0,0.07870763033084371,-0.08200729299012771,0.002812877189211343,-4.0,-1.0,-5.0,0.0898130855039665,0.002545889802750556,0.08516054321167527,0
2011-08-19 11:33:43.816829,2050,100748,26053064,7024523,83.73718030243901,14,49.14536585365854,12708.811707317072,1,602,487,1020,1655,347,0.7107317073170731,0.25853658536585367,0.02975609756097561,40,6,631,0.2375609756097561,0.29365853658536584,0.4975609756097561,-279.0,37753.0,-8507208.0,-7775195.0,-7.573978093439038,22.097276544942353,-2130.291770570433,-20.0,-238.0,-246.0,-43.0,-271.0,-0.029070783022128288,0.02796552482484893,0.0027058614081203053,0.0,1.0,-151.0,-0.07373142456199144,0.026591125679397587,-0.046019960414288574,0
2011-08-19 11:34:13.815103,2569,37754,22046494,6352034,56.47272385247177,12,14.695990657843518,8581.741533670689,1,605,533,1083,2108,353,0.7049435578045933,0.2701440249124173,0.022187621642662515,44,5,836,0.20747372518489685,0.23550019462826002,0.42156481121058775,519.0,-62994.0,-4006570.0,-672489.0,-27.26445644996724,-34.44937519581502,-4127.070173646383,3.0,46.0,63.0,453.0,6.0,-0.0057881495124798565,0.011607439546563625,-0.007568475918313094,4.0,-1.0,205.0,-0.03008725042485924,-0.058158341957105814,-0.07599616439916834,0
2011-08-19 11:34:43.752278,2645,40716,24776718,5658418,48.023227511153124,3,15.393572778827977,9367.379206049149,1,559,414,923,2326,261,0.6911153119092628,0.2877126654064272,0.01890359168241966,44,6,837,0.1565217391304348,0.2113421550094518,0.3489603024574669,76.0,2962.0,2730224.0,-693616.0,-8.44949634131865,0.6975821209844586,785.6376723784597,-46.0,-119.0,-160.0,218.0,-92.0,-0.013828245895330493,0.017568640494009913,-0.003284029960242855,0.0,1.0,1.0,-0.05095198605446205,-0.02415803961880822,-0.07260450875312086,0
2011-08-19 11:35:13.760298,2219,57716,49688093,2400153,54.05218260883281,0,26.009914375844975,22392.110410094636,0,577,383,884,1935,207,0.7205948625506985,0.2537178909418657,0.01982875168995043,37,6,615,0.1726002703920685,0.26002703920684994,0.39837764758900407,-426.0,17000.0,24911375.0,-3258265.0,6.028955097679685,10.616341597016998,13024.731204045487,18.0,-31.0,-39.0,-391.0,-54.0,0.029479550641435703,-0.033994774464561506,0.0009251600075307689,-7.0,0.0,-222.0,0.016078531261633694,0.04868488419739814,0.04941734513153717,1
2011-08-19 11:35:43.755415,2142,32677,22007601,1743961,28.095451907096173,1,15.255368814192344,10274.323529411764,1,598,388,922,1900,222,0.6965452847805789,0.2759103641456583,0.025210084033613446,46,6,611,0.1811391223155929,0.2791783380018674,0.4304388422035481,-77.0,-25039.0,-27680492.0,-656192.0,-25.956730701736635,-10.75454556165263,-12117.786880682872,21.0,5.0,38.0,-35.0,15.0,-0.024049577770119623,0.022192473203792584,0.005381332343663017,9.0,0.0,-4.0,0.00853885192352441,0.01915129879501748,0.03206119461454404,0
2011-08-19 11:36:13.768205,2262,21955,10163369,1360783,19.065223542882404,0,9.706012378426172,4493.089743589743,0,574,358,870,1937,209,0.8001768346595933,0.16445623342175067,0.03138815207780725,38,6,435,0.15826702033598586,0.2537577365163572,0.38461538461538464,120.0,-10722.0,-11844232.0,-383178.0,-9.03022836421377,-5.549356435766173,-5781.233785822021,-24.0,-30.0,-52.0,37.0,-13.0,0.10363154987901446,-0.11145413072390761,0.006178068044193803,-8.0,0.0,-176.0,-0.02287210197960704,-0.02542060148551023,-0.045823457588163474,1
2011-08-19 11:36:43.751335,1708,12266,4900991,902579,24.294912167447308,9,7.181498829039812,2869.432669789227,1,557,361,854,1451,236,0.7365339578454333,0.22540983606557377,0.03337236533957846,39,6,453,0.21135831381733022,0.3261124121779859,0.5,-554.0,-9689.0,-5262378.0,-458204.0,5.229688624564904,-2.5245135493863593,-1623.6570738005162,-17.0,3.0,-16.0,-486.0,27.0,-0.06364287681416003,0.0609536026438231,0.0019842132617712074,1.0,0.0,18.0,0.053091293481344365,0.07235467566162873,0.11538461538461536,0
2011-08-19 11:37:13.775266,2270,18944,9219408,1172364,15.131156804845814,17,8.345374449339207,4061.413215859031,1,590,454,977,1748,500,0.7436123348017621,0.21277533039647578,0.04052863436123348,38,6,608,0.2,0.2599118942731278,0.4303964757709251,562.0,6678.0,4318417.0,269785.0,-9.163755362601494,1.163875620299395,1191.980546069804,33.0,93.0,123.0,297.0,264.0,0.007078376956328847,-0.01263450566909799,0.007156269021655025,-1.0,0.0,155.0,-0.011358313817330212,-0.06620051790485815,-0.0696035242290749,0
2011-08-19 11:37:43.807620,2438,25430,11693842,2698176,22.446519500820347,2,10.430680885972109,4796.489745693191,1,633,563,1136,1972,395,0.7305168170631665,0.2461033634126333,0.022969647251845776,40,5,826,0.23092698933552092,0.25963904840032814,0.46595570139458575,168.0,6486.0,2474434.0,1525812.0,7.3153626959745335,2.0853064366329015,735.0765298341603,43.0,109.0,159.0,224.0,-105.0,-0.01309551773859563,0.03332803301615753,-0.017558987109387705,2.0,-1.0,218.0,0.030926989335520905,-0.0002728458727996319,0.03555922562366065,0
2011-08-19 11:38:13.753130,2061,156807,147827550,4551706,16.890224812712276,2,76.08296943231441,71726.12809315867,1,618,466,1010,1666,325,0.7704997573993208,0.1945657447840854,0.030082484230955848,34,6,579,0.22610383309073265,0.29985443959243085,0.490053372149442,-377.0,131377.0,136133708.0,1853530.0,-5.556294688108071,65.6522885463423,66929.63834746547,-15.0,-97.0,-126.0,-306.0,-70.0,0.03998294033615424,-0.051537618628547915,0.007112836979110072,-6.0,1.0,-247.0,-0.004823156244788268,0.04021539119210271,0.02409767075485625,0
2011-08-19 11:38:43.790672,2425,34508,17477362,3504015,17.698643066804124,8,14.230103092783505,7207.159587628866,1,611,490,1039,1999,343,0.7195876288659794,0.23711340206185566,0.04206185567010309,42,6,682,0.2020618556701031,0.25195876288659796,0.4284536082474227,364.0,-122299.0,-130350188.0,-1047691.0,0.8084182540918476,-61.852866339530905,-64518.9685055298,-7.0,24.0,29.0,333.0,18.0,-0.05091212853334137,0.04254765727777027,0.011979371439147245,8.0,0.0,103.0,-0.02404197742062955,-0.04789567670583289,-0.06159976390201932,0
2011-08-19 11:39:13.751442,2111,29570,14905471,1775429,15.470015369493131,18,14.007579346281384,7060.857887257224,1,601,453,976,1767,323,0.7494078635717669,0.21269540502131692,0.03505447655139744,39,6,542,0.2145902415916627,0.2846991946944576,0.46234012316437706,-314.0,-4938.0,-2571891.0,-1728586.0,-2.2286276973109924,-0.22252374650212126,-146.30170037164135,-10.0,-37.0,-63.0,-232.0,-20.0,0.02982023470578754,-0.024417997040538736,-0.0070073791187056506,-3.0,0.0,-140.0,0.01252838592155961,0.03274043180785963,0.03388651491695438,0
2011-08-19 11:39:43.836702,2033,333182,425926941,10662447,15.651036787014263,11,163.88686669945892,209506.61141170684,1,594,377,921,1758,277,0.719626168224299,0.2547958681751107,0.02459419576979833,41,5,536,0.1854402361042794,0.29217904574520415,0.45302508607968517,-78.0,303612.0,411021470.0,8887018.0,0.18102141752113177,149.87928735317755,202445.75352444962,-7.0,-76.0,-55.0,-9.0,-46.0,-0.029781695347467885,0.04210046315379376,-0.010460280781599114,2.0,-1.0,-6.0,-0.029150005487383307,0.007479851050746555,-0.00931503708469189,0
2011-08-19 11:40:13.775856,1781,25932,18955451,2123135,11.93514182257159,15,14.560359348680517,10643.150477259966,1,586,334,846,1552,209,0.7860752386299832,0.17798989331836046,0.032004491858506456,33,5,404,0.1875350926445817,0.3290286355979787,0.4750140370578327,-252.0,-307250.0,-406971490.0,-8539312.0,-3.7158949644426738,-149.3265073507784,-198863.46093444686,-8.0,-43.0,-75.0,-206.0,-68.0,0.06644907040568415,-0.07680597485675023,0.007410296088708128,-8.0,0.0,-132.0,0.002094856540302309,0.036849589852774534,0.021988950978147515,0
