Scenario,Prediction_Timestamp,Timestep,Feature,Raw_Value,SHAP_Value,Absolute_SHAP
12,2011-08-19 10:33:43.755079,1,Flow_Count,398.0,-0.015524760819971561,0.015524760819971561
12,2011-08-19 10:33:43.755079,1,Total_Packets,3128323.0,-0.10294297337532043,0.10294297337532043
12,2011-08-19 10:33:43.755079,1,Total_Bytes,1723899520.0,-0.06843165308237076,0.06843165308237076
12,2011-08-19 10:33:43.755079,1,Total_Source_Bytes,681165056.0,0.08836701512336731,0.08836701512336731
12,2011-08-19 10:33:43.755079,1,Avg_Duration,1302.6531982421875,0.14673900604248047,0.14673900604248047
12,2011-08-19 10:33:43.755079,1,Avg_Packets_Per_Flow,7860.10791015625,0.1571490615606308,0.1571490615606308
12,2011-08-19 10:33:43.755079,1,Avg_Bytes_Per_Flow,4331406.0,-0.10543333739042282,0.10543333739042282
12,2011-08-19 10:33:43.755079,1,Flow_Count_Change,397.0,0.0005890214815735817,0.0005890214815735817
12,2011-08-19 10:33:43.755079,1,Total_Packets_Change,3128321.0,-0.15680478513240814,0.15680478513240814
12,2011-08-19 10:33:43.755079,1,Total_Bytes_Change,1723899264.0,-0.07775910198688507,0.07775910198688507
12,2011-08-19 10:33:43.755079,1,Total_Source_Bytes_Change,681164864.0,0.003028671955689788,0.003028671955689788
12,2011-08-19 10:33:43.755079,1,Avg_Duration_Change,-545.3953857421875,-0.05691717937588692,0.05691717937588692
12,2011-08-19 10:33:43.755079,2,Flow_Count,3716.0,0.0007007859530858696,0.0007007859530858696
12,2011-08-19 10:33:43.755079,2,Total_Packets,442117.0,-0.004049825482070446,0.004049825482070446
12,2011-08-19 10:33:43.755079,2,Total_Bytes,197088464.0,0.004354804754257202,0.004354804754257202
12,2011-08-19 10:33:43.755079,2,Total_Source_Bytes,40916604.0,0.004677216988056898,0.004677216988056898
12,2011-08-19 10:33:43.755079,2,Avg_Duration,1044.9217529296875,0.15108665823936462,0.15108665823936462
12,2011-08-19 10:33:43.755079,2,Avg_Packets_Per_Flow,118.9765853881836,0.019133981317281723,0.019133981317281723
12,2011-08-19 10:33:43.755079,2,Avg_Bytes_Per_Flow,53037.796875,0.0034415689297020435,0.0034415689297020435
12,2011-08-19 10:33:43.755079,2,Flow_Count_Change,3318.0,0.018283838406205177,0.018283838406205177
12,2011-08-19 10:33:43.755079,2,Total_Packets_Change,-2686206.0,-0.057524487376213074,0.057524487376213074
12,2011-08-19 10:33:43.755079,2,Total_Bytes_Change,-1526811008.0,-0.08399875462055206,0.08399875462055206
12,2011-08-19 10:33:43.755079,2,Total_Source_Bytes_Change,-640248448.0,-0.007336967624723911,0.007336967624723911
12,2011-08-19 10:33:43.755079,2,Avg_Duration_Change,-257.7314758300781,0.039842359721660614,0.039842359721660614
12,2011-08-19 10:33:43.755079,3,Flow_Count,2960.0,-0.0008310248958878219,0.0008310248958878219
12,2011-08-19 10:33:43.755079,3,Total_Packets,307199.0,-0.006644689477980137,0.006644689477980137
12,2011-08-19 10:33:43.755079,3,Total_Bytes,175342336.0,-0.0008530155755579472,0.0008530155755579472
12,2011-08-19 10:33:43.755079,3,Total_Source_Bytes,115742376.0,0.0010715617099776864,0.0010715617099776864
12,2011-08-19 10:33:43.755079,3,Avg_Duration,910.2059326171875,0.04771454259753227,0.04771454259753227
12,2011-08-19 10:33:43.755079,3,Avg_Packets_Per_Flow,103.783447265625,0.016819478943943977,0.016819478943943977
12,2011-08-19 10:33:43.755079,3,Avg_Bytes_Per_Flow,59237.2734375,0.008362230844795704,0.008362230844795704
12,2011-08-19 10:33:43.755079,3,Flow_Count_Change,-756.0,-0.00384080340154469,0.00384080340154469
12,2011-08-19 10:33:43.755079,3,Total_Packets_Change,-134918.0,-8.062921551754698e-05,8.062921551754698e-05
12,2011-08-19 10:33:43.755079,3,Total_Bytes_Change,-21746132.0,0.004141187760978937,0.004141187760978937
12,2011-08-19 10:33:43.755079,3,Total_Source_Bytes_Change,74825768.0,0.0030487540643662214,0.0030487540643662214
12,2011-08-19 10:33:43.755079,3,Avg_Duration_Change,-134.7158203125,-0.017702147364616394,0.017702147364616394
12,2011-08-19 10:33:43.755079,4,Flow_Count,2923.0,0.000644247280433774,0.000644247280433774
12,2011-08-19 10:33:43.755079,4,Total_Packets,545584.0,-0.013875480741262436,0.013875480741262436
12,2011-08-19 10:33:43.755079,4,Total_Bytes,381028928.0,-0.004113290458917618,0.004113290458917618
12,2011-08-19 10:33:43.755079,4,Total_Source_Bytes,162669696.0,-5.14620405738242e-05,5.14620405738242e-05
12,2011-08-19 10:33:43.755079,4,Avg_Duration,688.2408447265625,0.008650003932416439,0.008650003932416439
12,2011-08-19 10:33:43.755079,4,Avg_Packets_Per_Flow,186.65206909179688,0.027091674506664276,0.027091674506664276
12,2011-08-19 10:33:43.755079,4,Avg_Bytes_Per_Flow,130355.4296875,0.018623532727360725,0.018623532727360725
12,2011-08-19 10:33:43.755079,4,Flow_Count_Change,-37.0,-0.0007586181163787842,0.0007586181163787842
12,2011-08-19 10:33:43.755079,4,Total_Packets_Change,238385.0,-0.0009853963274508715,0.0009853963274508715
12,2011-08-19 10:33:43.755079,4,Total_Bytes_Change,205686592.0,0.006581084802746773,0.006581084802746773
12,2011-08-19 10:33:43.755079,4,Total_Source_Bytes_Change,46927320.0,0.001621204661205411,0.001621204661205411
12,2011-08-19 10:33:43.755079,4,Avg_Duration_Change,-221.96507263183594,-0.0038331137038767338,0.0038331137038767338
12,2011-08-19 10:33:43.755079,5,Flow_Count,2736.0,0.004046688321977854,0.004046688321977854
12,2011-08-19 10:33:43.755079,5,Total_Packets,150667.0,-0.0001449546543881297,0.0001449546543881297
12,2011-08-19 10:33:43.755079,5,Total_Bytes,115853224.0,7.37829077479546e-06,7.37829077479546e-06
12,2011-08-19 10:33:43.755079,5,Total_Source_Bytes,14676479.0,9.94683796307072e-05,9.94683796307072e-05
12,2011-08-19 10:33:43.755079,5,Avg_Duration,662.1576538085938,-0.0022408058866858482,0.0022408058866858482
12,2011-08-19 10:33:43.755079,5,Avg_Packets_Per_Flow,55.0683479309082,0.005423857364803553,0.005423857364803553
12,2011-08-19 10:33:43.755079,5,Avg_Bytes_Per_Flow,42344.015625,0.0037862935569137335,0.0037862935569137335
12,2011-08-19 10:33:43.755079,5,Flow_Count_Change,-187.0,-0.0008065472356975079,0.0008065472356975079
12,2011-08-19 10:33:43.755079,5,Total_Packets_Change,-394917.0,0.0034093549475073814,0.0034093549475073814
12,2011-08-19 10:33:43.755079,5,Total_Bytes_Change,-265175696.0,-0.0038720688316971064,0.0038720688316971064
12,2011-08-19 10:33:43.755079,5,Total_Source_Bytes_Change,-147993216.0,-0.00597355654463172,0.00597355654463172
12,2011-08-19 10:33:43.755079,5,Avg_Duration_Change,-26.083173751831055,-0.0053274910897016525,0.0053274910897016525
12,2011-08-19 10:36:13.765325,1,Flow_Count,2763.0,-0.02358892746269703,0.02358892746269703
12,2011-08-19 10:36:13.765325,1,Total_Packets,58358.0,0.006415552459657192,0.006415552459657192
12,2011-08-19 10:36:13.765325,1,Total_Bytes,29027876.0,0.002545020543038845,0.002545020543038845
12,2011-08-19 10:36:13.765325,1,Total_Source_Bytes,21085246.0,0.001809988054446876,0.001809988054446876
12,2011-08-19 10:36:13.765325,1,Avg_Duration,593.1355590820312,0.1207578256726265,0.1207578256726265
12,2011-08-19 10:36:13.765325,1,Avg_Packets_Per_Flow,21.121244430541992,0.0009243405656889081,0.0009243405656889081
12,2011-08-19 10:36:13.765325,1,Avg_Bytes_Per_Flow,10505.9267578125,0.0012660542270168662,0.0012660542270168662
12,2011-08-19 10:36:13.765325,1,Flow_Count_Change,27.0,0.0009542483021505177,0.0009542483021505177
12,2011-08-19 10:36:13.765325,1,Total_Packets_Change,-92309.0,-0.0021218308247625828,0.0021218308247625828
12,2011-08-19 10:36:13.765325,1,Total_Bytes_Change,-86825344.0,-0.006054469384253025,0.006054469384253025
12,2011-08-19 10:36:13.765325,1,Total_Source_Bytes_Change,6408767.0,0.0016330324579030275,0.0016330324579030275
12,2011-08-19 10:36:13.765325,1,Avg_Duration_Change,-69.02206420898438,-0.004192201420664787,0.004192201420664787
12,2011-08-19 10:36:13.765325,2,Flow_Count,2936.0,-0.013323290273547173,0.013323290273547173
12,2011-08-19 10:36:13.765325,2,Total_Packets,36420.0,0.006129582412540913,0.006129582412540913
12,2011-08-19 10:36:13.765325,2,Total_Bytes,14924386.0,0.002190249040722847,0.002190249040722847
12,2011-08-19 10:36:13.765325,2,Total_Source_Bytes,2594247.0,-6.43317835056223e-05,6.43317835056223e-05
12,2011-08-19 10:36:13.765325,2,Avg_Duration,520.971435546875,0.04518456757068634,0.04518456757068634
12,2011-08-19 10:36:13.765325,2,Avg_Packets_Per_Flow,12.404632568359375,-0.0018652224680408835,0.0018652224680408835
12,2011-08-19 10:36:13.765325,2,Avg_Bytes_Per_Flow,5083.23779296875,0.00016796248382888734,0.00016796248382888734
12,2011-08-19 10:36:13.765325,2,Flow_Count_Change,173.0,0.00036845318390987813,0.00036845318390987813
12,2011-08-19 10:36:13.765325,2,Total_Packets_Change,-21938.0,0.002254551975056529,0.002254551975056529
12,2011-08-19 10:36:13.765325,2,Total_Bytes_Change,-14103490.0,0.00347768422216177,0.00347768422216177
12,2011-08-19 10:36:13.765325,2,Total_Source_Bytes_Change,-18491000.0,-0.0024007679894566536,0.0024007679894566536
12,2011-08-19 10:36:13.765325,2,Avg_Duration_Change,-72.1641616821289,-0.0011671019019559026,0.0011671019019559026
12,2011-08-19 10:36:13.765325,3,Flow_Count,2461.0,-0.004757122602313757,0.004757122602313757
12,2011-08-19 10:36:13.765325,3,Total_Packets,85454.0,0.000778825196903199,0.000778825196903199
12,2011-08-19 10:36:13.765325,3,Total_Bytes,28638024.0,0.0002950538182631135,0.0002950538182631135
12,2011-08-19 10:36:13.765325,3,Total_Source_Bytes,3794423.0,0.00022550876019522548,0.00022550876019522548
12,2011-08-19 10:36:13.765325,3,Avg_Duration,705.1240844726562,0.054267629981040955,0.054267629981040955
12,2011-08-19 10:36:13.765325,3,Avg_Packets_Per_Flow,34.72328186035156,0.004377488978207111,0.004377488978207111
12,2011-08-19 10:36:13.765325,3,Avg_Bytes_Per_Flow,11636.7421875,-5.103716466692276e-05,5.103716466692276e-05
12,2011-08-19 10:36:13.765325,3,Flow_Count_Change,-475.0,-0.0003271054883953184,0.0003271054883953184
12,2011-08-19 10:36:13.765325,3,Total_Packets_Change,49034.0,0.0018052132800221443,0.0018052132800221443
12,2011-08-19 10:36:13.765325,3,Total_Bytes_Change,13713637.0,0.003356545465067029,0.003356545465067029
12,2011-08-19 10:36:13.765325,3,Total_Source_Bytes_Change,1200176.0,0.00024123743060044944,0.00024123743060044944
12,2011-08-19 10:36:13.765325,3,Avg_Duration_Change,184.15267944335938,0.05517807975411415,0.05517807975411415
12,2011-08-19 10:36:13.765325,4,Flow_Count,2556.0,0.0039934734813869,0.0039934734813869
12,2011-08-19 10:36:13.765325,4,Total_Packets,45070.0,0.00014851820014882833,0.00014851820014882833
12,2011-08-19 10:36:13.765325,4,Total_Bytes,24471412.0,-0.0005871393368579447,0.0005871393368579447
12,2011-08-19 10:36:13.765325,4,Total_Source_Bytes,6928725.0,0.00015826984599698335,0.00015826984599698335
12,2011-08-19 10:36:13.765325,4,Avg_Duration,973.59521484375,0.02935573272407055,0.02935573272407055
12,2011-08-19 10:36:13.765325,4,Avg_Packets_Per_Flow,17.633020401000977,-0.0020580985583364964,0.0020580985583364964
12,2011-08-19 10:36:13.765325,4,Avg_Bytes_Per_Flow,9574.1044921875,-0.001849099062383175,0.001849099062383175
12,2011-08-19 10:36:13.765325,4,Flow_Count_Change,95.0,-0.00015545127098448575,0.00015545127098448575
12,2011-08-19 10:36:13.765325,4,Total_Packets_Change,-40384.0,0.0008824055548757315,0.0008824055548757315
12,2011-08-19 10:36:13.765325,4,Total_Bytes_Change,-4166611.0,-0.00037914051790721714,0.00037914051790721714
12,2011-08-19 10:36:13.765325,4,Total_Source_Bytes_Change,3134302.0,0.00017174512322526425,0.00017174512322526425
12,2011-08-19 10:36:13.765325,4,Avg_Duration_Change,268.4710998535156,0.06984484195709229,0.06984484195709229
12,2011-08-19 10:36:13.765325,5,Flow_Count,2810.0,0.00073199876351282,0.00073199876351282
12,2011-08-19 10:36:13.765325,5,Total_Packets,53222.0,-0.00047377057489939034,0.00047377057489939034
12,2011-08-19 10:36:13.765325,5,Total_Bytes,32939374.0,-0.0005629935185424984,0.0005629935185424984
12,2011-08-19 10:36:13.765325,5,Total_Source_Bytes,5361923.0,-0.0001912804727908224,0.0001912804727908224
12,2011-08-19 10:36:13.765325,5,Avg_Duration,534.1515502929688,0.0031070762779563665,0.0031070762779563665
12,2011-08-19 10:36:13.765325,5,Avg_Packets_Per_Flow,18.940214157104492,-0.0011623750906437635,0.0011623750906437635
12,2011-08-19 10:36:13.765325,5,Avg_Bytes_Per_Flow,11722.197265625,-0.001236449577845633,0.001236449577845633
12,2011-08-19 10:36:13.765325,5,Flow_Count_Change,254.0,0.0015017304103821516,0.0015017304103821516
12,2011-08-19 10:36:13.765325,5,Total_Packets_Change,8152.0,0.0008863191469572484,0.0008863191469572484
12,2011-08-19 10:36:13.765325,5,Total_Bytes_Change,8467962.0,0.0013487067772075534,0.0013487067772075534
12,2011-08-19 10:36:13.765325,5,Total_Source_Bytes_Change,-1566802.0,4.524574978859164e-05,4.524574978859164e-05
12,2011-08-19 10:36:13.765325,5,Avg_Duration_Change,-439.4436340332031,0.01869267411530018,0.01869267411530018
12,2011-08-19 10:38:43.813478,1,Flow_Count,2154.0,-0.05706752464175224,0.05706752464175224
12,2011-08-19 10:38:43.813478,1,Total_Packets,34302.0,0.005537418182939291,0.005537418182939291
12,2011-08-19 10:38:43.813478,1,Total_Bytes,19086708.0,0.0009288167348131537,0.0009288167348131537
12,2011-08-19 10:38:43.813478,1,Total_Source_Bytes,2722573.0,-0.0015398762188851833,0.0015398762188851833
12,2011-08-19 10:38:43.813478,1,Avg_Duration,712.2647705078125,0.289808988571167,0.289808988571167
12,2011-08-19 10:38:43.813478,1,Avg_Packets_Per_Flow,15.92479133605957,-0.006864992436021566,0.006864992436021566
12,2011-08-19 10:38:43.813478,1,Avg_Bytes_Per_Flow,8861.0537109375,-0.001992676639929414,0.001992676639929414
12,2011-08-19 10:38:43.813478,1,Flow_Count_Change,-656.0,0.0023970617912709713,0.0023970617912709713
12,2011-08-19 10:38:43.813478,1,Total_Packets_Change,-18920.0,0.0027503464370965958,0.0027503464370965958
12,2011-08-19 10:38:43.813478,1,Total_Bytes_Change,-13852665.0,0.003934993874281645,0.003934993874281645
12,2011-08-19 10:38:43.813478,1,Total_Source_Bytes_Change,-2639350.0,0.00010088455019285902,0.00010088455019285902
12,2011-08-19 10:38:43.813478,1,Avg_Duration_Change,178.1132049560547,0.04258298873901367,0.04258298873901367
12,2011-08-19 10:38:43.813478,2,Flow_Count,2404.0,-0.0484575554728508,0.0484575554728508
12,2011-08-19 10:38:43.813478,2,Total_Packets,136552.0,0.0025877843145281076,0.0025877843145281076
12,2011-08-19 10:38:43.813478,2,Total_Bytes,127452184.0,0.004190347157418728,0.004190347157418728
12,2011-08-19 10:38:43.813478,2,Total_Source_Bytes,3994387.0,-0.0009568971581757069,0.0009568971581757069
12,2011-08-19 10:38:43.813478,2,Avg_Duration,540.4373168945312,0.06097187101840973,0.06097187101840973
12,2011-08-19 10:38:43.813478,2,Avg_Packets_Per_Flow,56.801998138427734,0.008536131121218204,0.008536131121218204
12,2011-08-19 10:38:43.813478,2,Avg_Bytes_Per_Flow,53016.71484375,0.008129661902785301,0.008129661902785301
12,2011-08-19 10:38:43.813478,2,Flow_Count_Change,250.0,0.0010265932651236653,0.0010265932651236653
12,2011-08-19 10:38:43.813478,2,Total_Packets_Change,102250.0,0.00446606520563364,0.00446606520563364
12,2011-08-19 10:38:43.813478,2,Total_Bytes_Change,108365472.0,0.0058210426941514015,0.0058210426941514015
12,2011-08-19 10:38:43.813478,2,Total_Source_Bytes_Change,1271814.0,0.00012927647912874818,0.00012927647912874818
12,2011-08-19 10:38:43.813478,2,Avg_Duration_Change,-171.82748413085938,0.04759486764669418,0.04759486764669418
12,2011-08-19 10:38:43.813478,3,Flow_Count,2402.0,-0.019395574927330017,0.019395574927330017
12,2011-08-19 10:38:43.813478,3,Total_Packets,44224.0,0.0003017807612195611,0.0003017807612195611
12,2011-08-19 10:38:43.813478,3,Total_Bytes,28303358.0,-0.0011480276007205248,0.0011480276007205248
12,2011-08-19 10:38:43.813478,3,Total_Source_Bytes,4655413.0,-0.0011307572713121772,0.0011307572713121772
12,2011-08-19 10:38:43.813478,3,Avg_Duration,597.6294555664062,0.06164884194731712,0.06164884194731712
12,2011-08-19 10:38:43.813478,3,Avg_Packets_Per_Flow,18.41132354736328,-0.0017103373538702726,0.0017103373538702726
12,2011-08-19 10:38:43.813478,3,Avg_Bytes_Per_Flow,11783.24609375,-0.0014226925559341908,0.0014226925559341908
12,2011-08-19 10:38:43.813478,3,Flow_Count_Change,-2.0,-0.00044850341510027647,0.00044850341510027647
12,2011-08-19 10:38:43.813478,3,Total_Packets_Change,-92328.0,0.0008691655821166933,0.0008691655821166933
12,2011-08-19 10:38:43.813478,3,Total_Bytes_Change,-99148824.0,-0.001563175581395626,0.001563175581395626
12,2011-08-19 10:38:43.813478,3,Total_Source_Bytes_Change,661026.0,0.00015509643708355725,0.00015509643708355725
12,2011-08-19 10:38:43.813478,3,Avg_Duration_Change,57.192142486572266,-0.0037359697744250298,0.0037359697744250298
12,2011-08-19 10:38:43.813478,4,Flow_Count,3009.0,-0.006595362443476915,0.006595362443476915
12,2011-08-19 10:38:43.813478,4,Total_Packets,35543.0,-0.00022822544269729406,0.00022822544269729406
12,2011-08-19 10:38:43.813478,4,Total_Bytes,15145678.0,-0.0010189696913585067,0.0010189696913585067
12,2011-08-19 10:38:43.813478,4,Total_Source_Bytes,4442488.0,-0.0004787336220033467,0.0004787336220033467
12,2011-08-19 10:38:43.813478,4,Avg_Duration,471.390380859375,0.009499723091721535,0.009499723091721535
12,2011-08-19 10:38:43.813478,4,Avg_Packets_Per_Flow,11.812230110168457,-0.0016057901084423065,0.0016057901084423065
12,2011-08-19 10:38:43.813478,4,Avg_Bytes_Per_Flow,5033.458984375,-0.0013199846725910902,0.0013199846725910902
12,2011-08-19 10:38:43.813478,4,Flow_Count_Change,607.0,0.0026865405961871147,0.0026865405961871147
12,2011-08-19 10:38:43.813478,4,Total_Packets_Change,-8681.0,0.0006486919010058045,0.0006486919010058045
12,2011-08-19 10:38:43.813478,4,Total_Bytes_Change,-13157680.0,0.0002494621730875224,0.0002494621730875224
12,2011-08-19 10:38:43.813478,4,Total_Source_Bytes_Change,-212925.0,0.00010695238597691059,0.00010695238597691059
12,2011-08-19 10:38:43.813478,4,Avg_Duration_Change,-126.23905944824219,0.009630851447582245,0.009630851447582245
12,2011-08-19 10:38:43.813478,5,Flow_Count,2206.0,0.0011695446446537971,0.0011695446446537971
12,2011-08-19 10:38:43.813478,5,Total_Packets,98908.0,-4.7343928599730134e-05,4.7343928599730134e-05
12,2011-08-19 10:38:43.813478,5,Total_Bytes,18445256.0,-0.0012385562295094132,0.0012385562295094132
12,2011-08-19 10:38:43.813478,5,Total_Source_Bytes,7644556.0,-0.00034715820220299065,0.00034715820220299065
12,2011-08-19 10:38:43.813478,5,Avg_Duration,593.4864501953125,0.018242275342345238,0.018242275342345238
12,2011-08-19 10:38:43.813478,5,Avg_Packets_Per_Flow,44.83590316772461,0.003339003073051572,0.003339003073051572
12,2011-08-19 10:38:43.813478,5,Avg_Bytes_Per_Flow,8361.4033203125,-0.0020580394193530083,0.0020580394193530083
12,2011-08-19 10:38:43.813478,5,Flow_Count_Change,-803.0,-6.390931957866997e-05,6.390931957866997e-05
12,2011-08-19 10:38:43.813478,5,Total_Packets_Change,63365.0,0.0003042288590222597,0.0003042288590222597
12,2011-08-19 10:38:43.813478,5,Total_Bytes_Change,3299578.0,-0.00011069580068578944,0.00011069580068578944
12,2011-08-19 10:38:43.813478,5,Total_Source_Bytes_Change,3202068.0,-8.97515201359056e-06,8.97515201359056e-06
12,2011-08-19 10:38:43.813478,5,Avg_Duration_Change,122.09605407714844,0.008574686013162136,0.008574686013162136
13,2011-08-15 17:17:40.460115,1,Flow_Count,2278.0,-0.07965041697025299,0.07965041697025299
13,2011-08-15 17:17:40.460115,1,Total_Packets,53315.0,0.004882942885160446,0.004882942885160446
13,2011-08-15 17:17:40.460115,1,Total_Bytes,25847294.0,-0.0004570559540297836,0.0004570559540297836
13,2011-08-15 17:17:40.460115,1,Total_Source_Bytes,16016473.0,0.008845479227602482,0.008845479227602482
13,2011-08-15 17:17:40.460115,1,Avg_Duration,624.3245239257812,0.21086576581001282,0.21086576581001282
13,2011-08-15 17:17:40.460115,1,Avg_Packets_Per_Flow,23.4043025970459,-0.003163200570270419,0.003163200570270419
13,2011-08-15 17:17:40.460115,1,Avg_Bytes_Per_Flow,11346.4853515625,-0.0022274660877883434,0.0022274660877883434
13,2011-08-15 17:17:40.460115,1,Flow_Count_Change,-237.0,-0.0005944131989963353,0.0005944131989963353
13,2011-08-15 17:17:40.460115,1,Total_Packets_Change,13237.0,0.00273689697496593,0.00273689697496593
13,2011-08-15 17:17:40.460115,1,Total_Bytes_Change,14121894.0,0.005787659902125597,0.005787659902125597
13,2011-08-15 17:17:40.460115,1,Total_Source_Bytes_Change,13380629.0,0.0013685914454981685,0.0013685914454981685
13,2011-08-15 17:17:40.460115,1,Avg_Duration_Change,45.1996955871582,-0.009698265232145786,0.009698265232145786
13,2011-08-15 17:17:40.460115,2,Flow_Count,1853.0,-0.08107805997133255,0.08107805997133255
13,2011-08-15 17:17:40.460115,2,Total_Packets,39944.0,0.0012493747053667903,0.0012493747053667903
13,2011-08-15 17:17:40.460115,2,Total_Bytes,14290341.0,-0.002071309369057417,0.002071309369057417
13,2011-08-15 17:17:40.460115,2,Total_Source_Bytes,2225869.0,-0.0020328881219029427,0.0020328881219029427
13,2011-08-15 17:17:40.460115,2,Avg_Duration,648.2029418945312,0.17759546637535095,0.17759546637535095
13,2011-08-15 17:17:40.460115,2,Avg_Packets_Per_Flow,21.556394577026367,-0.0010972386226058006,0.0010972386226058006
13,2011-08-15 17:17:40.460115,2,Avg_Bytes_Per_Flow,7712.0029296875,-0.002457455964758992,0.002457455964758992
13,2011-08-15 17:17:40.460115,2,Flow_Count_Change,-425.0,-0.004412172362208366,0.004412172362208366
13,2011-08-15 17:17:40.460115,2,Total_Packets_Change,-13371.0,0.003538528922945261,0.003538528922945261
13,2011-08-15 17:17:40.460115,2,Total_Bytes_Change,-11556953.0,0.004397548269480467,0.004397548269480467
13,2011-08-15 17:17:40.460115,2,Total_Source_Bytes_Change,-13790604.0,-0.00020231107191648334,0.00020231107191648334
13,2011-08-15 17:17:40.460115,2,Avg_Duration_Change,23.878389358520508,-0.015947498381137848,0.015947498381137848
13,2011-08-15 17:17:40.460115,3,Flow_Count,1715.0,-0.04935045167803764,0.04935045167803764
13,2011-08-15 17:17:40.460115,3,Total_Packets,24566.0,0.0014188593486323953,0.0014188593486323953
13,2011-08-15 17:17:40.460115,3,Total_Bytes,12022811.0,-0.0021008842159062624,0.0021008842159062624
13,2011-08-15 17:17:40.460115,3,Total_Source_Bytes,1423909.0,-0.0007633843924850225,0.0007633843924850225
13,2011-08-15 17:17:40.460115,3,Avg_Duration,566.970458984375,0.04913003370165825,0.04913003370165825
13,2011-08-15 17:17:40.460115,3,Avg_Packets_Per_Flow,14.324198722839355,-0.002661428414285183,0.002661428414285183
13,2011-08-15 17:17:40.460115,3,Avg_Bytes_Per_Flow,7010.38525390625,-0.0023980392143130302,0.0023980392143130302
13,2011-08-15 17:17:40.460115,3,Flow_Count_Change,-138.0,-0.0011563333682715893,0.0011563333682715893
13,2011-08-15 17:17:40.460115,3,Total_Packets_Change,-15378.0,0.0013050351990386844,0.0013050351990386844
13,2011-08-15 17:17:40.460115,3,Total_Bytes_Change,-2267530.0,-0.0016344162868335843,0.0016344162868335843
13,2011-08-15 17:17:40.460115,3,Total_Source_Bytes_Change,-801960.0,1.578189585416112e-05,1.578189585416112e-05
13,2011-08-15 17:17:40.460115,3,Avg_Duration_Change,-81.23246765136719,0.009409546852111816,0.009409546852111816
13,2011-08-15 17:17:40.460115,4,Flow_Count,1991.0,-0.014729722402989864,0.014729722402989864
13,2011-08-15 17:17:40.460115,4,Total_Packets,23902.0,-0.0010555651970207691,0.0010555651970207691
13,2011-08-15 17:17:40.460115,4,Total_Bytes,14621501.0,-0.001978565938770771,0.001978565938770771
13,2011-08-15 17:17:40.460115,4,Total_Source_Bytes,1492784.0,-0.001074678497388959,0.001074678497388959
13,2011-08-15 17:17:40.460115,4,Avg_Duration,655.1107177734375,0.05975555256009102,0.05975555256009102
13,2011-08-15 17:17:40.460115,4,Avg_Packets_Per_Flow,12.005023002624512,-0.002713894471526146,0.002713894471526146
13,2011-08-15 17:17:40.460115,4,Avg_Bytes_Per_Flow,7343.79736328125,-0.0020966818556189537,0.0020966818556189537
13,2011-08-15 17:17:40.460115,4,Flow_Count_Change,276.0,0.00021067840862087905,0.00021067840862087905
13,2011-08-15 17:17:40.460115,4,Total_Packets_Change,-664.0,-0.00025458683376200497,0.00025458683376200497
13,2011-08-15 17:17:40.460115,4,Total_Bytes_Change,2598690.0,0.0021212981082499027,0.0021212981082499027
13,2011-08-15 17:17:40.460115,4,Total_Source_Bytes_Change,68875.0,1.4294733773567714e-05,1.4294733773567714e-05
13,2011-08-15 17:17:40.460115,4,Avg_Duration_Change,88.14022827148438,-0.0005625555058941245,0.0005625555058941245
13,2011-08-15 17:17:40.460115,5,Flow_Count,1938.0,-0.0044129882007837296,0.0044129882007837296
13,2011-08-15 17:17:40.460115,5,Total_Packets,15115.0,-0.0018876175163313746,0.0018876175163313746
13,2011-08-15 17:17:40.460115,5,Total_Bytes,4585087.0,-0.0023123500868678093,0.0023123500868678093
13,2011-08-15 17:17:40.460115,5,Total_Source_Bytes,1079285.0,-0.0008195318514481187,0.0008195318514481187
13,2011-08-15 17:17:40.460115,5,Avg_Duration,585.90478515625,0.017029646784067154,0.017029646784067154
13,2011-08-15 17:17:40.460115,5,Avg_Packets_Per_Flow,7.7992777824401855,-0.0037163766101002693,0.0037163766101002693
13,2011-08-15 17:17:40.460115,5,Avg_Bytes_Per_Flow,2365.885986328125,-0.0033505645114928484,0.0033505645114928484
13,2011-08-15 17:17:40.460115,5,Flow_Count_Change,-53.0,-0.00017457107605878264,0.00017457107605878264
13,2011-08-15 17:17:40.460115,5,Total_Packets_Change,-8787.0,0.00016260707343462855,0.00016260707343462855
13,2011-08-15 17:17:40.460115,5,Total_Bytes_Change,-10036414.0,-0.00027014382067136467,0.00027014382067136467
13,2011-08-15 17:17:40.460115,5,Total_Source_Bytes_Change,-413499.0,-3.907914651790634e-05,3.907914651790634e-05
13,2011-08-15 17:17:40.460115,5,Avg_Duration_Change,-69.2059326171875,0.0009907002095133066,0.0009907002095133066
13,2011-08-15 17:19:10.491257,1,Flow_Count,1991.0,-0.08671025931835175,0.08671025931835175
13,2011-08-15 17:19:10.491257,1,Total_Packets,23902.0,0.001697213971056044,0.001697213971056044
13,2011-08-15 17:19:10.491257,1,Total_Bytes,14621501.0,-0.003643386997282505,0.003643386997282505
13,2011-08-15 17:19:10.491257,1,Total_Source_Bytes,1492784.0,-0.00208504730835557,0.00208504730835557
13,2011-08-15 17:19:10.491257,1,Avg_Duration,655.1107177734375,0.20064811408519745,0.20064811408519745
13,2011-08-15 17:19:10.491257,1,Avg_Packets_Per_Flow,12.005023002624512,-0.01114341989159584,0.01114341989159584
13,2011-08-15 17:19:10.491257,1,Avg_Bytes_Per_Flow,7343.79736328125,-0.005498428363353014,0.005498428363353014
13,2011-08-15 17:19:10.491257,1,Flow_Count_Change,276.0,-0.0004581988323479891,0.0004581988323479891
13,2011-08-15 17:19:10.491257,1,Total_Packets_Change,-664.0,0.002362431725487113,0.002362431725487113
13,2011-08-15 17:19:10.491257,1,Total_Bytes_Change,2598690.0,0.004223340656608343,0.004223340656608343
13,2011-08-15 17:19:10.491257,1,Total_Source_Bytes_Change,68875.0,0.00023315654834732413,0.00023315654834732413
13,2011-08-15 17:19:10.491257,1,Avg_Duration_Change,88.14022827148438,-0.01651192083954811,0.01651192083954811
13,2011-08-15 17:19:10.491257,2,Flow_Count,1938.0,-0.07050919532775879,0.07050919532775879
13,2011-08-15 17:19:10.491257,2,Total_Packets,15115.0,0.00021002290304750204,0.00021002290304750204
13,2011-08-15 17:19:10.491257,2,Total_Bytes,4585087.0,-0.0032242177985608578,0.0032242177985608578
13,2011-08-15 17:19:10.491257,2,Total_Source_Bytes,1079285.0,-0.00276123802177608,0.00276123802177608
13,2011-08-15 17:19:10.491257,2,Avg_Duration,585.90478515625,0.07104839384555817,0.07104839384555817
13,2011-08-15 17:19:10.491257,2,Avg_Packets_Per_Flow,7.7992777824401855,-0.007092618849128485,0.007092618849128485
13,2011-08-15 17:19:10.491257,2,Avg_Bytes_Per_Flow,2365.885986328125,-0.004409645218402147,0.004409645218402147
13,2011-08-15 17:19:10.491257,2,Flow_Count_Change,-53.0,-0.001652520033530891,0.001652520033530891
13,2011-08-15 17:19:10.491257,2,Total_Packets_Change,-8787.0,0.0034060003235936165,0.0034060003235936165
13,2011-08-15 17:19:10.491257,2,Total_Bytes_Change,-10036414.0,0.002698943018913269,0.002698943018913269
13,2011-08-15 17:19:10.491257,2,Total_Source_Bytes_Change,-413499.0,-4.4054646423319355e-05,4.4054646423319355e-05
13,2011-08-15 17:19:10.491257,2,Avg_Duration_Change,-69.2059326171875,0.01864529959857464,0.01864529959857464
13,2011-08-15 17:19:10.491257,3,Flow_Count,1676.0,-0.03776755556464195,0.03776755556464195
13,2011-08-15 17:19:10.491257,3,Total_Packets,17204.0,-0.0005193148972466588,0.0005193148972466588
13,2011-08-15 17:19:10.491257,3,Total_Bytes,8093487.0,-0.002439940581098199,0.002439940581098199
13,2011-08-15 17:19:10.491257,3,Total_Source_Bytes,1142388.0,-0.0010642834240570664,0.0010642834240570664
13,2011-08-15 17:19:10.491257,3,Avg_Duration,629.1714477539062,0.06442148238420486,0.06442148238420486
13,2011-08-15 17:19:10.491257,3,Avg_Packets_Per_Flow,10.26491641998291,-0.003767904359847307,0.003767904359847307
13,2011-08-15 17:19:10.491257,3,Avg_Bytes_Per_Flow,4829.04931640625,-0.0027963167522102594,0.0027963167522102594
13,2011-08-15 17:19:10.491257,3,Flow_Count_Change,-262.0,-0.000709828978870064,0.000709828978870064
13,2011-08-15 17:19:10.491257,3,Total_Packets_Change,2089.0,0.001430457690730691,0.001430457690730691
13,2011-08-15 17:19:10.491257,3,Total_Bytes_Change,3508400.0,0.0004288755008019507,0.0004288755008019507
13,2011-08-15 17:19:10.491257,3,Total_Source_Bytes_Change,63103.0,0.0001754925906425342,0.0001754925906425342
13,2011-08-15 17:19:10.491257,3,Avg_Duration_Change,43.266693115234375,-0.0055722203105688095,0.0055722203105688095
13,2011-08-15 17:19:10.491257,4,Flow_Count,1620.0,-0.020223453640937805,0.020223453640937805
13,2011-08-15 17:19:10.491257,4,Total_Packets,18085.0,-0.0006554491701535881,0.0006554491701535881
13,2011-08-15 17:19:10.491257,4,Total_Bytes,9319118.0,-0.0009831143543124199,0.0009831143543124199
13,2011-08-15 17:19:10.491257,4,Total_Source_Bytes,1069560.0,-0.0009613975998945534,0.0009613975998945534
13,2011-08-15 17:19:10.491257,4,Avg_Duration,619.3378295898438,0.034133002161979675,0.034133002161979675
13,2011-08-15 17:19:10.491257,4,Avg_Packets_Per_Flow,11.163579940795898,-0.0010176252108067274,0.0010176252108067274
13,2011-08-15 17:19:10.491257,4,Avg_Bytes_Per_Flow,5752.5419921875,-0.0008441276149824262,0.0008441276149824262
13,2011-08-15 17:19:10.491257,4,Flow_Count_Change,-56.0,-0.0006166367675177753,0.0006166367675177753
13,2011-08-15 17:19:10.491257,4,Total_Packets_Change,881.0,0.0005118256085552275,0.0005118256085552275
13,2011-08-15 17:19:10.491257,4,Total_Bytes_Change,1225631.0,0.0010246244492009282,0.0010246244492009282
13,2011-08-15 17:19:10.491257,4,Total_Source_Bytes_Change,-72828.0,-1.974781662283931e-05,1.974781662283931e-05
13,2011-08-15 17:19:10.491257,4,Avg_Duration_Change,-9.833620071411133,-0.0010660052066668868,0.0010660052066668868
13,2011-08-15 17:19:10.491257,5,Flow_Count,2105.0,-0.005712101235985756,0.005712101235985756
13,2011-08-15 17:19:10.491257,5,Total_Packets,88283.0,-0.00030502030858770013,0.00030502030858770013
13,2011-08-15 17:19:10.491257,5,Total_Bytes,38412048.0,-0.001117812586016953,0.001117812586016953
13,2011-08-15 17:19:10.491257,5,Total_Source_Bytes,3319544.0,-0.0006594314472749829,0.0006594314472749829
13,2011-08-15 17:19:10.491257,5,Avg_Duration,517.107421875,0.0031759878620505333,0.0031759878620505333
13,2011-08-15 17:19:10.491257,5,Avg_Packets_Per_Flow,41.939666748046875,0.0013849661918357015,0.0013849661918357015
13,2011-08-15 17:19:10.491257,5,Avg_Bytes_Per_Flow,18248.00390625,-0.0009221904911100864,0.0009221904911100864
13,2011-08-15 17:19:10.491257,5,Flow_Count_Change,485.0,0.0013176725478842854,0.0013176725478842854
13,2011-08-15 17:19:10.491257,5,Total_Packets_Change,70198.0,0.0003036490234080702,0.0003036490234080702
13,2011-08-15 17:19:10.491257,5,Total_Bytes_Change,29092930.0,-7.125476986402646e-05,7.125476986402646e-05
13,2011-08-15 17:19:10.491257,5,Total_Source_Bytes_Change,2249984.0,-1.258987595065264e-05,1.258987595065264e-05
13,2011-08-15 17:19:10.491257,5,Avg_Duration_Change,-102.23043823242188,0.007981701754033566,0.007981701754033566
